2026-06-11 21:11:18,099 [MainThread  ] [INFO ]  Starting. Data Directory: C:\Users\DAVID\Documents\tablePackager
2026-06-11 21:11:18,099 [MainThread  ] [INFO ]  Started
2026-06-11 21:11:18,102 [MainThread  ] [INFO ]  Reading VPS puplookup.csv Database
2026-06-11 21:11:18,104 [MainThread  ] [INFO ]  Successfully loaded 0 table indices from CSV configuration.
2026-06-11 21:11:18,268 [MainThread  ] [INFO ]  Scanning for Visual Pinball tables...
2026-06-11 21:11:23,094 [MainThread  ] [INFO ]  --[Delete Package(s)]------------------
2026-06-11 21:11:23,100 [MainThread  ] [INFO ]  + del C:\Users\DAVID\Documents\tablePackager\packages\Halloween (Original 2022).zip
2026-06-11 21:11:23,100 [MainThread  ] [INFO ]  --[Done]------------------
2026-06-11 21:11:26,269 [MainThread  ] [INFO ]  Scanning for Future Pinball tables...
2026-06-11 21:11:28,737 [Thread-1    ] [INFO ]  Begin Extraction
2026-06-11 21:11:28,919 [Thread-1    ] [INFO ]  --[Working on 'Halloween (Original 2022) TerryRed 1.9 MOD']------------------
2026-06-11 21:11:28,922 [Thread-1    ] [INFO ]  -- No existing manifest found at C:\Users\DAVID\Documents\tablePackager\installed, starting fresh.
2026-06-11 21:11:28,922 [Thread-1    ] [INFO ]  * Starting Future Pinball assets extraction
2026-06-11 21:11:28,922 [Thread-1    ] [INFO ]    > Configured Future Pinball Path: C:/vPinball/FuturePinball
2026-06-11 21:11:28,924 [Thread-1    ] [INFO ]    + Applied mapping section [Halloween] to 'Halloween (Original 2022) TerryRed 1.9 MOD' from FP_mapping.ini
2026-06-11 21:11:28,924 [Thread-1    ] [INFO ]    + Table file identified via mapping: Halloween (Original 2022) TerryRed 1.9 MOD.fpt
2026-06-11 21:11:28,925 [Thread-1    ] [INFO ]    + Found Table: Halloween (Original 2022) TerryRed 1.9 MOD.fpt
2026-06-11 21:11:28,926 [Thread-1    ] [INFO ]  + add 'C:\vPinball\FuturePinball\Tables\Halloween (Original 2022) TerryRed 1.9 MOD.fpt' -> 'future pinball/Tables/Halloween (Original 2022) TerryRed 1.9 MOD.fpt'
2026-06-11 21:11:29,180 [Thread-1    ] [INFO ]      + BAM configuration file found: Halloween (Original 2022) TerryRed 1.9 MOD.cfg
2026-06-11 21:11:29,181 [Thread-1    ] [INFO ]  + add 'C:\vPinball\FuturePinball\BAM\cfg\Halloween (Original 2022) TerryRed 1.9 MOD.cfg' -> 'future pinball/BAM/cfg/Halloween (Original 2022) TerryRed 1.9 MOD.cfg'
2026-06-11 21:11:29,190 [Thread-1    ] [INFO ]        > Checking for fpRAM: C:\vPinball\FuturePinball\fpRAM\Halloween (Original 2022) TerryRed 1.9 MOD.fpRAM
2026-06-11 21:11:29,192 [Thread-1    ] [INFO ]        + fpRAM file found: Halloween (Original 2022) TerryRed 1.9 MOD.fpRAM
2026-06-11 21:11:29,193 [Thread-1    ] [INFO ]  + add 'C:\vPinball\FuturePinball\fpRAM\Halloween (Original 2022) TerryRed 1.9 MOD.fpRAM' -> 'future pinball/fpRAM/Halloween (Original 2022) TerryRed 1.9 MOD.fpRAM'
2026-06-11 21:11:29,195 [Thread-1    ] [INFO ]        + Archiving Libraries folder contents: C:\vPinball\FuturePinball\Libraries
2026-06-11 21:11:29,198 [Thread-1    ] [INFO ]  + add 'C:\vPinball\FuturePinball\Libraries\BVP Animation.fpl' -> 'future pinball/Libraries/BVP Animation.fpl'
2026-06-11 21:11:29,220 [Thread-1    ] [INFO ]  + add 'C:\vPinball\FuturePinball\Libraries\BVP Graphics.fpl' -> 'future pinball/Libraries/BVP Graphics.fpl'
2026-06-11 21:11:29,248 [Thread-1    ] [INFO ]  + add 'C:\vPinball\FuturePinball\Libraries\BVP Screen.fpl' -> 'future pinball/Libraries/BVP Screen.fpl'
2026-06-11 21:11:29,280 [Thread-1    ] [INFO ]  + add 'C:\vPinball\FuturePinball\Libraries\BVP Sounds.fpl' -> 'future pinball/Libraries/BVP Sounds.fpl'
2026-06-11 21:11:29,337 [Thread-1    ] [INFO ]  + add 'C:\vPinball\FuturePinball\Libraries\fpDmdFonts.fpl' -> 'future pinball/Libraries/fpDmdFonts.fpl'
2026-06-11 21:11:29,349 [Thread-1    ] [INFO ]  + add 'C:\vPinball\FuturePinball\Libraries\fpModels.fpl' -> 'future pinball/Libraries/fpModels.fpl'
2026-06-11 21:11:29,377 [Thread-1    ] [INFO ]  + add 'C:\vPinball\FuturePinball\Libraries\fpPlayfields.fpl' -> 'future pinball/Libraries/fpPlayfields.fpl'
2026-06-11 21:11:29,393 [Thread-1    ] [INFO ]  + add 'C:\vPinball\FuturePinball\Libraries\fpRamps.fpl' -> 'future pinball/Libraries/fpRamps.fpl'
2026-06-11 21:11:29,412 [Thread-1    ] [INFO ]  + add 'C:\vPinball\FuturePinball\Libraries\fpScripts.fpl' -> 'future pinball/Libraries/fpScripts.fpl'
2026-06-11 21:11:29,414 [Thread-1    ] [INFO ]  + add 'C:\vPinball\FuturePinball\Libraries\fpSounds.fpl' -> 'future pinball/Libraries/fpSounds.fpl'
2026-06-11 21:11:29,426 [Thread-1    ] [INFO ]  + add 'C:\vPinball\FuturePinball\Libraries\fpSphereMaps.fpl' -> 'future pinball/Libraries/fpSphereMaps.fpl'
2026-06-11 21:11:29,443 [Thread-1    ] [INFO ]  + add 'C:\vPinball\FuturePinball\Libraries\fpTextures.fpl' -> 'future pinball/Libraries/fpTextures.fpl'
2026-06-11 21:11:29,462 [Thread-1    ] [INFO ]  + add 'C:\vPinball\FuturePinball\Libraries\JYCGFX.fpl' -> 'future pinball/Libraries/JYCGFX.fpl'
2026-06-11 21:11:29,484 [Thread-1    ] [INFO ]  + add 'C:\vPinball\FuturePinball\Libraries\JYCmusic.fpl' -> 'future pinball/Libraries/JYCmusic.fpl'
2026-06-11 21:11:29,529 [Thread-1    ] [INFO ]  + add 'C:\vPinball\FuturePinball\Libraries\JYCSFX.fpl' -> 'future pinball/Libraries/JYCSFX.fpl'
2026-06-11 21:11:29,560 [Thread-1    ] [INFO ]  + add 'C:\Users\DAVID\AppData\Local\Temp\FP_DMD_halloween (original 2022) terryred 1.9 mod.ini' -> 'future pinball/Config/DmdDevice.ini'
2026-06-11 21:11:29,563 [Thread-1    ] [INFO ]      ++ Sliced DmdDevice.ini section for: halloween (original 2022) terryred 1.9 mod
2026-06-11 21:11:29,563 [Thread-1    ] [INFO ]      + Using mapped PUP pack override: FP_PE_HALLOWEEN_BBM (skipping script scan)
2026-06-11 21:11:29,563 [Thread-1    ] [INFO ]      > Resolved PinUpSystem path: C:/vPinball/PinUPSystem
2026-06-11 21:11:29,563 [Thread-1    ] [INFO ]      > Checking: C:\vPinball\FuturePinball\PUPVideos\FP_PE_HALLOWEEN_BBM
2026-06-11 21:11:29,564 [Thread-1    ] [INFO ]      > Checking: C:\vPinball\PinUPSystem\PUPVideos\FP_PE_HALLOWEEN_BBM
2026-06-11 21:11:29,565 [Thread-1    ] [INFO ]      + Valid PUP Pack found! Archiving...
2026-06-11 21:11:29,568 [Thread-1    ] [INFO ]  + add 'C:\vPinball\PinUPSystem\PUPVideos\FP_PE_HALLOWEEN_BBM\How to Choose a PuP-Pack Option - Read Me!.jpg' -> 'future pinball/PUPVideos/FP_PE_HALLOWEEN_BBM/How to Choose a PuP-Pack Option - Read Me!.jpg'
2026-06-11 21:11:29,584 [Thread-1    ] [INFO ]  + add 'C:\vPinball\PinUPSystem\PUPVideos\FP_PE_HALLOWEEN_BBM\Option 0 - SSF Only.bat' -> 'future pinball/PUPVideos/FP_PE_HALLOWEEN_BBM/Option 0 - SSF Only.bat'
2026-06-11 21:11:29,588 [Thread-1    ] [INFO ]  + add 'C:\vPinball\PinUPSystem\PUPVideos\FP_PE_HALLOWEEN_BBM\Option 1 - 3 Screen - FullDMD and Backglass.bat' -> 'future pinball/PUPVideos/FP_PE_HALLOWEEN_BBM/Option 1 - 3 Screen - FullDMD and Backglass.bat'
2026-06-11 21:11:29,593 [Thread-1    ] [INFO ]  + add 'C:\vPinball\PinUPSystem\PUPVideos\FP_PE_HALLOWEEN_BBM\Option 2 - 2 Screen - 16x9.bat' -> 'future pinball/PUPVideos/FP_PE_HALLOWEEN_BBM/Option 2 - 2 Screen - 16x9.bat'
2026-06-11 21:11:29,596 [Thread-1    ] [INFO ]  + add 'C:\vPinball\PinUPSystem\PUPVideos\FP_PE_HALLOWEEN_BBM\Option 3 - 2 Screen - 5x4.bat' -> 'future pinball/PUPVideos/FP_PE_HALLOWEEN_BBM/Option 3 - 2 Screen - 5x4.bat'
2026-06-11 21:11:29,601 [Thread-1    ] [INFO ]  + add 'C:\vPinball\PinUPSystem\PUPVideos\FP_PE_HALLOWEEN_BBM\Option 4 - 2 Screen - 1x1.bat' -> 'future pinball/PUPVideos/FP_PE_HALLOWEEN_BBM/Option 4 - 2 Screen - 1x1.bat'
2026-06-11 21:11:29,603 [Thread-1    ] [INFO ]  + add 'C:\vPinball\PinUPSystem\PUPVideos\FP_PE_HALLOWEEN_BBM\Option 5 - 1 Screen - PUP Stream - Desktop or VR.bat' -> 'future pinball/PUPVideos/FP_PE_HALLOWEEN_BBM/Option 5 - 1 Screen - PUP Stream - Desktop or VR.bat'
2026-06-11 21:11:29,607 [Thread-1    ] [INFO ]  + add 'C:\vPinball\PinUPSystem\PUPVideos\FP_PE_HALLOWEEN_BBM\Option 6 - 1 Screen - Windowed - Desktop or VR.bat' -> 'future pinball/PUPVideos/FP_PE_HALLOWEEN_BBM/Option 6 - 1 Screen - Windowed - Desktop or VR.bat'
2026-06-11 21:11:29,610 [Thread-1    ] [INFO ]  + add 'C:\vPinball\PinUPSystem\PUPVideos\FP_PE_HALLOWEEN_BBM\Option Selected.jpg' -> 'future pinball/PUPVideos/FP_PE_HALLOWEEN_BBM/Option Selected.jpg'
2026-06-11 21:11:29,620 [Thread-1    ] [INFO ]  + add 'C:\vPinball\PinUPSystem\PUPVideos\FP_PE_HALLOWEEN_BBM\Option Selected.txt' -> 'future pinball/PUPVideos/FP_PE_HALLOWEEN_BBM/Option Selected.txt'
2026-06-11 21:11:29,624 [Thread-1    ] [INFO ]  + add 'C:\vPinball\PinUPSystem\PUPVideos\FP_PE_HALLOWEEN_BBM\playlists.pup' -> 'future pinball/PUPVideos/FP_PE_HALLOWEEN_BBM/playlists.pup'
2026-06-11 21:11:29,635 [Thread-1    ] [INFO ]  + add 'C:\vPinball\PinUPSystem\PUPVideos\FP_PE_HALLOWEEN_BBM\screens.pup' -> 'future pinball/PUPVideos/FP_PE_HALLOWEEN_BBM/screens.pup'
2026-06-11 21:11:29,638 [Thread-1    ] [INFO ]  + add 'C:\vPinball\PinUPSystem\PUPVideos\FP_PE_HALLOWEEN_BBM\triggers.pup' -> 'future pinball/PUPVideos/FP_PE_HALLOWEEN_BBM/triggers.pup'
2026-06-11 21:11:29,651 [Thread-1    ] [INFO ]  + add 'C:\vPinball\PinUPSystem\PUPVideos\FP_PE_HALLOWEEN_BBM\version.txt' -> 'future pinball/PUPVideos/FP_PE_HALLOWEEN_BBM/version.txt'
2026-06-11 21:11:29,656 [Thread-1    ] [INFO ]  + add 'C:\vPinball\PinUPSystem\PUPVideos\FP_PE_HALLOWEEN_BBM\BG-Background\Backglass_Default.mp4' -> 'future pinball/PUPVideos/FP_PE_HALLOWEEN_BBM/BG-Background/Backglass_Default.mp4'
2026-06-11 21:11:29,674 [Thread-1    ] [INFO ]  + add 'C:\vPinball\PinUPSystem\PUPVideos\FP_PE_HALLOWEEN_BBM\BG-Background\Backglass_Default_no_animation.mp4' -> 'future pinball/PUPVideos/FP_PE_HALLOWEEN_BBM/BG-Background/Backglass_Default_no_animation.mp4'
2026-06-11 21:11:29,687 [Thread-1    ] [INFO ]  + add 'C:\vPinball\PinUPSystem\PUPVideos\FP_PE_HALLOWEEN_BBM\BogeyMan_Complete\Bogey Man - Complete.mp4' -> 'future pinball/PUPVideos/FP_PE_HALLOWEEN_BBM/BogeyMan_Complete/Bogey Man - Complete.mp4'
2026-06-11 21:11:29,701 [Thread-1    ] [INFO ]  + add 'C:\vPinball\PinUPSystem\PUPVideos\FP_PE_HALLOWEEN_BBM\BogeyMan_End\@BogeyMan_Fail.mp4' -> 'future pinball/PUPVideos/FP_PE_HALLOWEEN_BBM/BogeyMan_End/@BogeyMan_Fail.mp4'
2026-06-11 21:11:29,718 [Thread-1    ] [INFO ]  + add 'C:\vPinball\PinUPSystem\PUPVideos\FP_PE_HALLOWEEN_BBM\BogeyMan_Escape\BogeyMan_Escape.mp4' -> 'future pinball/PUPVideos/FP_PE_HALLOWEEN_BBM/BogeyMan_Escape/BogeyMan_Escape.mp4'
2026-06-11 21:11:29,735 [Thread-1    ] [INFO ]  + add 'C:\vPinball\PinUPSystem\PUPVideos\FP_PE_HALLOWEEN_BBM\BogeyMan_Fail\@Bogey Man - Escape Fail.mp4' -> 'future pinball/PUPVideos/FP_PE_HALLOWEEN_BBM/BogeyMan_Fail/@Bogey Man - Escape Fail.mp4'
2026-06-11 21:11:29,746 [Thread-1    ] [INFO ]  + add 'C:\vPinball\PinUPSystem\PUPVideos\FP_PE_HALLOWEEN_BBM\BogeyMan_Start\Bogey Man - Start.mp4' -> 'future pinball/PUPVideos/FP_PE_HALLOWEEN_BBM/BogeyMan_Start/Bogey Man - Start.mp4'
2026-06-11 21:11:29,768 [Thread-1    ] [INFO ]  + add 'C:\vPinball\PinUPSystem\PUPVideos\FP_PE_HALLOWEEN_BBM\DMD 16x9 Background\Attract No Sound.mp4' -> 'future pinball/PUPVideos/FP_PE_HALLOWEEN_BBM/DMD 16x9 Background/Attract No Sound.mp4'
2026-06-11 21:11:29,789 [Thread-1    ] [INFO ]  + add 'C:\vPinball\PinUPSystem\PUPVideos\FP_PE_HALLOWEEN_BBM\DMD 16x9 Background\Attract.mp4' -> 'future pinball/PUPVideos/FP_PE_HALLOWEEN_BBM/DMD 16x9 Background/Attract.mp4'
2026-06-11 21:11:29,798 [Thread-1    ] [INFO ]  + add 'C:\vPinball\PinUPSystem\PUPVideos\FP_PE_HALLOWEEN_BBM\DMD 16x9 Background\AttractFull.mp4' -> 'future pinball/PUPVideos/FP_PE_HALLOWEEN_BBM/DMD 16x9 Background/AttractFull.mp4'
2026-06-11 21:11:29,831 [Thread-1    ] [INFO ]  + add 'C:\vPinball\PinUPSystem\PUPVideos\FP_PE_HALLOWEEN_BBM\DMD 16x9 Background\BlackBG.mp4' -> 'future pinball/PUPVideos/FP_PE_HALLOWEEN_BBM/DMD 16x9 Background/BlackBG.mp4'
2026-06-11 21:11:29,840 [Thread-1    ] [INFO ]  + add 'C:\vPinball\PinUPSystem\PUPVideos\FP_PE_HALLOWEEN_BBM\DMD 16x9 Background\Default.mp4' -> 'future pinball/PUPVideos/FP_PE_HALLOWEEN_BBM/DMD 16x9 Background/Default.mp4'
2026-06-11 21:11:29,851 [Thread-1    ] [INFO ]  + add 'C:\vPinball\PinUPSystem\PUPVideos\FP_PE_HALLOWEEN_BBM\DMD 16x9 Splash\@ALICE IS DEAD.mp4' -> 'future pinball/PUPVideos/FP_PE_HALLOWEEN_BBM/DMD 16x9 Splash/@ALICE IS DEAD.mp4'
2026-06-11 21:11:29,866 [Thread-1    ] [INFO ]  + add 'C:\vPinball\PinUPSystem\PUPVideos\FP_PE_HALLOWEEN_BBM\DMD 16x9 Splash\@ALICE MARTIN.mp4' -> 'future pinball/PUPVideos/FP_PE_HALLOWEEN_BBM/DMD 16x9 Splash/@ALICE MARTIN.mp4'
2026-06-11 21:11:29,879 [Thread-1    ] [INFO ]  + add 'C:\vPinball\PinUPSystem\PUPVideos\FP_PE_HALLOWEEN_BBM\DMD 16x9 Splash\@ANNIE BRACKETT.mp4' -> 'future pinball/PUPVideos/FP_PE_HALLOWEEN_BBM/DMD 16x9 Splash/@ANNIE BRACKETT.mp4'
2026-06-11 21:11:29,890 [Thread-1    ] [INFO ]  + add 'C:\vPinball\PinUPSystem\PUPVideos\FP_PE_HALLOWEEN_BBM\DMD 16x9 Splash\@ANNIE IS DEAD.mp4' -> 'future pinball/PUPVideos/FP_PE_HALLOWEEN_BBM/DMD 16x9 Splash/@ANNIE IS DEAD.mp4'
2026-06-11 21:11:29,903 [Thread-1    ] [INFO ]  + add 'C:\vPinball\PinUPSystem\PUPVideos\FP_PE_HALLOWEEN_BBM\DMD 16x9 Splash\@BOB IS DEAD.mp4' -> 'future pinball/PUPVideos/FP_PE_HALLOWEEN_BBM/DMD 16x9 Splash/@BOB IS DEAD.mp4'
2026-06-11 21:11:29,913 [Thread-1    ] [INFO ]  + add 'C:\vPinball\PinUPSystem\PUPVideos\FP_PE_HALLOWEEN_BBM\DMD 16x9 Splash\@BOB SIMMS.mp4' -> 'future pinball/PUPVideos/FP_PE_HALLOWEEN_BBM/DMD 16x9 Splash/@BOB SIMMS.mp4'
2026-06-11 21:11:29,924 [Thread-1    ] [INFO ]  + add 'C:\vPinball\PinUPSystem\PUPVideos\FP_PE_HALLOWEEN_BBM\DMD 16x9 Splash\@LAURIE is DEAD.mp4' -> 'future pinball/PUPVideos/FP_PE_HALLOWEEN_BBM/DMD 16x9 Splash/@LAURIE is DEAD.mp4'
2026-06-11 21:11:29,939 [Thread-1    ] [INFO ]  + add 'C:\vPinball\PinUPSystem\PUPVideos\FP_PE_HALLOWEEN_BBM\DMD 16x9 Splash\@LAURIE STRODE.mp4' -> 'future pinball/PUPVideos/FP_PE_HALLOWEEN_BBM/DMD 16x9 Splash/@LAURIE STRODE.mp4'
2026-06-11 21:11:29,949 [Thread-1    ] [INFO ]  + add 'C:\vPinball\PinUPSystem\PUPVideos\FP_PE_HALLOWEEN_BBM\DMD 16x9 Splash\@LYNDA is DEAD.mp4' -> 'future pinball/PUPVideos/FP_PE_HALLOWEEN_BBM/DMD 16x9 Splash/@LYNDA is DEAD.mp4'
2026-06-11 21:11:29,964 [Thread-1    ] [INFO ]  + add 'C:\vPinball\PinUPSystem\PUPVideos\FP_PE_HALLOWEEN_BBM\DMD 16x9 Splash\@LYNDA VAN KLOK.mp4' -> 'future pinball/PUPVideos/FP_PE_HALLOWEEN_BBM/DMD 16x9 Splash/@LYNDA VAN KLOK.mp4'
2026-06-11 21:11:29,978 [Thread-1    ] [INFO ]  + add 'C:\vPinball\PinUPSystem\PUPVideos\FP_PE_HALLOWEEN_BBM\DMD 16x9 Splash\@PoliceCalled.mp4' -> 'future pinball/PUPVideos/FP_PE_HALLOWEEN_BBM/DMD 16x9 Splash/@PoliceCalled.mp4'
2026-06-11 21:11:29,990 [Thread-1    ] [INFO ]  + add 'C:\vPinball\PinUPSystem\PUPVideos\FP_PE_HALLOWEEN_BBM\FONTS\impact.ttf' -> 'future pinball/PUPVideos/FP_PE_HALLOWEEN_BBM/FONTS/impact.ttf'
2026-06-11 21:11:30,001 [Thread-1    ] [INFO ]  + add 'C:\vPinball\PinUPSystem\PUPVideos\FP_PE_HALLOWEEN_BBM\FONTS\Instruction Bold.ttf' -> 'future pinball/PUPVideos/FP_PE_HALLOWEEN_BBM/FONTS/Instruction Bold.ttf'
2026-06-11 21:11:30,010 [Thread-1    ] [INFO ]  + add 'C:\vPinball\PinUPSystem\PUPVideos\FP_PE_HALLOWEEN_BBM\FONTS\mrsmonster.ttf' -> 'future pinball/PUPVideos/FP_PE_HALLOWEEN_BBM/FONTS/mrsmonster.ttf'
2026-06-11 21:11:30,019 [Thread-1    ] [INFO ]  + add 'C:\vPinball\PinUPSystem\PUPVideos\FP_PE_HALLOWEEN_BBM\FONTS\PKMN Pinball.ttf' -> 'future pinball/PUPVideos/FP_PE_HALLOWEEN_BBM/FONTS/PKMN Pinball.ttf'
2026-06-11 21:11:30,028 [Thread-1    ] [INFO ]  + add 'C:\vPinball\PinUPSystem\PUPVideos\FP_PE_HALLOWEEN_BBM\FONTS\Scary Halloween Font.ttf' -> 'future pinball/PUPVideos/FP_PE_HALLOWEEN_BBM/FONTS/Scary Halloween Font.ttf'
2026-06-11 21:11:30,036 [Thread-1    ] [INFO ]  + add 'C:\vPinball\PinUPSystem\PUPVideos\FP_PE_HALLOWEEN_BBM\FONTS\serifgothic.ttf' -> 'future pinball/PUPVideos/FP_PE_HALLOWEEN_BBM/FONTS/serifgothic.ttf'
2026-06-11 21:11:30,047 [Thread-1    ] [INFO ]  + add 'C:\vPinball\PinUPSystem\PUPVideos\FP_PE_HALLOWEEN_BBM\FONTS\serifgothicblackregular.ttf' -> 'future pinball/PUPVideos/FP_PE_HALLOWEEN_BBM/FONTS/serifgothicblackregular.ttf'
2026-06-11 21:11:30,057 [Thread-1    ] [INFO ]  + add 'C:\vPinball\PinUPSystem\PUPVideos\FP_PE_HALLOWEEN_BBM\FONTS\Zig.ttf' -> 'future pinball/PUPVideos/FP_PE_HALLOWEEN_BBM/FONTS/Zig.ttf'
2026-06-11 21:11:30,067 [Thread-1    ] [INFO ]  + add 'C:\vPinball\PinUPSystem\PUPVideos\FP_PE_HALLOWEEN_BBM\GameCompleted\GameCompleted.mp4' -> 'future pinball/PUPVideos/FP_PE_HALLOWEEN_BBM/GameCompleted/GameCompleted.mp4'
2026-06-11 21:11:30,101 [Thread-1    ] [INFO ]  + add 'C:\vPinball\PinUPSystem\PUPVideos\FP_PE_HALLOWEEN_BBM\PuP-Pack_Options\FP_Win_to_Borderless.exe' -> 'future pinball/PUPVideos/FP_PE_HALLOWEEN_BBM/PuP-Pack_Options/FP_Win_to_Borderless.exe'
2026-06-11 21:11:30,230 [Thread-1    ] [INFO ]  + add 'C:\vPinball\PinUPSystem\PUPVideos\FP_PE_HALLOWEEN_BBM\PuP-Pack_Options\MouseMove.exe' -> 'future pinball/PUPVideos/FP_PE_HALLOWEEN_BBM/PuP-Pack_Options/MouseMove.exe'
2026-06-11 21:11:30,270 [Thread-1    ] [INFO ]  + add 'C:\vPinball\PinUPSystem\PUPVideos\FP_PE_HALLOWEEN_BBM\PuP-Pack_Options\PuPDesktopPunch.exe' -> 'future pinball/PUPVideos/FP_PE_HALLOWEEN_BBM/PuP-Pack_Options/PuPDesktopPunch.exe'
2026-06-11 21:11:30,380 [Thread-1    ] [INFO ]  + add 'C:\vPinball\PinUPSystem\PUPVideos\FP_PE_HALLOWEEN_BBM\PuP-Pack_Options\Option 0 - SSF Only\Option Selected.jpg' -> 'future pinball/PUPVideos/FP_PE_HALLOWEEN_BBM/PuP-Pack_Options/Option 0 - SSF Only/Option Selected.jpg'
2026-06-11 21:11:30,389 [Thread-1    ] [INFO ]  + add 'C:\vPinball\PinUPSystem\PUPVideos\FP_PE_HALLOWEEN_BBM\PuP-Pack_Options\Option 0 - SSF Only\Option Selected.txt' -> 'future pinball/PUPVideos/FP_PE_HALLOWEEN_BBM/PuP-Pack_Options/Option 0 - SSF Only/Option Selected.txt'
2026-06-11 21:11:30,394 [Thread-1    ] [INFO ]  + add 'C:\vPinball\PinUPSystem\PUPVideos\FP_PE_HALLOWEEN_BBM\PuP-Pack_Options\Option 0 - SSF Only\playlists.pup' -> 'future pinball/PUPVideos/FP_PE_HALLOWEEN_BBM/PuP-Pack_Options/Option 0 - SSF Only/playlists.pup'
2026-06-11 21:11:30,399 [Thread-1    ] [INFO ]  + add 'C:\vPinball\PinUPSystem\PUPVideos\FP_PE_HALLOWEEN_BBM\PuP-Pack_Options\Option 0 - SSF Only\screens.pup' -> 'future pinball/PUPVideos/FP_PE_HALLOWEEN_BBM/PuP-Pack_Options/Option 0 - SSF Only/screens.pup'
2026-06-11 21:11:30,402 [Thread-1    ] [INFO ]  + add 'C:\vPinball\PinUPSystem\PUPVideos\FP_PE_HALLOWEEN_BBM\PuP-Pack_Options\Option 0 - SSF Only\triggers.pup' -> 'future pinball/PUPVideos/FP_PE_HALLOWEEN_BBM/PuP-Pack_Options/Option 0 - SSF Only/triggers.pup'
2026-06-11 21:11:30,408 [Thread-1    ] [INFO ]  + add 'C:\vPinball\PinUPSystem\PUPVideos\FP_PE_HALLOWEEN_BBM\PuP-Pack_Options\Option 1 - 3 Screen - FullDMD and Backglass\Option Selected.jpg' -> 'future pinball/PUPVideos/FP_PE_HALLOWEEN_BBM/PuP-Pack_Options/Option 1 - 3 Screen - FullDMD and Backglass/Option Selected.jpg'
2026-06-11 21:11:30,418 [Thread-1    ] [INFO ]  + add 'C:\vPinball\PinUPSystem\PUPVideos\FP_PE_HALLOWEEN_BBM\PuP-Pack_Options\Option 1 - 3 Screen - FullDMD and Backglass\Option Selected.txt' -> 'future pinball/PUPVideos/FP_PE_HALLOWEEN_BBM/PuP-Pack_Options/Option 1 - 3 Screen - FullDMD and Backglass/Option Selected.txt'
2026-06-11 21:11:30,422 [Thread-1    ] [INFO ]  + add 'C:\vPinball\PinUPSystem\PUPVideos\FP_PE_HALLOWEEN_BBM\PuP-Pack_Options\Option 1 - 3 Screen - FullDMD and Backglass\playlists.pup' -> 'future pinball/PUPVideos/FP_PE_HALLOWEEN_BBM/PuP-Pack_Options/Option 1 - 3 Screen - FullDMD and Backglass/playlists.pup'
2026-06-11 21:11:30,428 [Thread-1    ] [INFO ]  + add 'C:\vPinball\PinUPSystem\PUPVideos\FP_PE_HALLOWEEN_BBM\PuP-Pack_Options\Option 1 - 3 Screen - FullDMD and Backglass\screens.pup' -> 'future pinball/PUPVideos/FP_PE_HALLOWEEN_BBM/PuP-Pack_Options/Option 1 - 3 Screen - FullDMD and Backglass/screens.pup'
2026-06-11 21:11:30,430 [Thread-1    ] [INFO ]  + add 'C:\vPinball\PinUPSystem\PUPVideos\FP_PE_HALLOWEEN_BBM\PuP-Pack_Options\Option 1 - 3 Screen - FullDMD and Backglass\triggers.pup' -> 'future pinball/PUPVideos/FP_PE_HALLOWEEN_BBM/PuP-Pack_Options/Option 1 - 3 Screen - FullDMD and Backglass/triggers.pup'
2026-06-11 21:11:30,435 [Thread-1    ] [INFO ]  + add 'C:\vPinball\PinUPSystem\PUPVideos\FP_PE_HALLOWEEN_BBM\PuP-Pack_Options\Option 2 - 2 Screen - 16x9\Option Selected.jpg' -> 'future pinball/PUPVideos/FP_PE_HALLOWEEN_BBM/PuP-Pack_Options/Option 2 - 2 Screen - 16x9/Option Selected.jpg'
2026-06-11 21:11:30,445 [Thread-1    ] [INFO ]  + add 'C:\vPinball\PinUPSystem\PUPVideos\FP_PE_HALLOWEEN_BBM\PuP-Pack_Options\Option 2 - 2 Screen - 16x9\Option Selected.txt' -> 'future pinball/PUPVideos/FP_PE_HALLOWEEN_BBM/PuP-Pack_Options/Option 2 - 2 Screen - 16x9/Option Selected.txt'
2026-06-11 21:11:30,456 [Thread-1    ] [INFO ]  + add 'C:\vPinball\PinUPSystem\PUPVideos\FP_PE_HALLOWEEN_BBM\PuP-Pack_Options\Option 2 - 2 Screen - 16x9\playlists.pup' -> 'future pinball/PUPVideos/FP_PE_HALLOWEEN_BBM/PuP-Pack_Options/Option 2 - 2 Screen - 16x9/playlists.pup'
2026-06-11 21:11:30,459 [Thread-1    ] [INFO ]  + add 'C:\vPinball\PinUPSystem\PUPVideos\FP_PE_HALLOWEEN_BBM\PuP-Pack_Options\Option 2 - 2 Screen - 16x9\screens.pup' -> 'future pinball/PUPVideos/FP_PE_HALLOWEEN_BBM/PuP-Pack_Options/Option 2 - 2 Screen - 16x9/screens.pup'
2026-06-11 21:11:30,467 [Thread-1    ] [INFO ]  + add 'C:\vPinball\PinUPSystem\PUPVideos\FP_PE_HALLOWEEN_BBM\PuP-Pack_Options\Option 2 - 2 Screen - 16x9\triggers.pup' -> 'future pinball/PUPVideos/FP_PE_HALLOWEEN_BBM/PuP-Pack_Options/Option 2 - 2 Screen - 16x9/triggers.pup'
2026-06-11 21:11:30,472 [Thread-1    ] [INFO ]  + add 'C:\vPinball\PinUPSystem\PUPVideos\FP_PE_HALLOWEEN_BBM\PuP-Pack_Options\Option 3 - 2 Screen - 5x4\Option Selected.jpg' -> 'future pinball/PUPVideos/FP_PE_HALLOWEEN_BBM/PuP-Pack_Options/Option 3 - 2 Screen - 5x4/Option Selected.jpg'
2026-06-11 21:11:30,482 [Thread-1    ] [INFO ]  + add 'C:\vPinball\PinUPSystem\PUPVideos\FP_PE_HALLOWEEN_BBM\PuP-Pack_Options\Option 3 - 2 Screen - 5x4\Option Selected.txt' -> 'future pinball/PUPVideos/FP_PE_HALLOWEEN_BBM/PuP-Pack_Options/Option 3 - 2 Screen - 5x4/Option Selected.txt'
2026-06-11 21:11:30,493 [Thread-1    ] [INFO ]  + add 'C:\vPinball\PinUPSystem\PUPVideos\FP_PE_HALLOWEEN_BBM\PuP-Pack_Options\Option 3 - 2 Screen - 5x4\playlists.pup' -> 'future pinball/PUPVideos/FP_PE_HALLOWEEN_BBM/PuP-Pack_Options/Option 3 - 2 Screen - 5x4/playlists.pup'
2026-06-11 21:11:30,497 [Thread-1    ] [INFO ]  + add 'C:\vPinball\PinUPSystem\PUPVideos\FP_PE_HALLOWEEN_BBM\PuP-Pack_Options\Option 3 - 2 Screen - 5x4\screens.pup' -> 'future pinball/PUPVideos/FP_PE_HALLOWEEN_BBM/PuP-Pack_Options/Option 3 - 2 Screen - 5x4/screens.pup'
2026-06-11 21:11:30,507 [Thread-1    ] [INFO ]  + add 'C:\vPinball\PinUPSystem\PUPVideos\FP_PE_HALLOWEEN_BBM\PuP-Pack_Options\Option 3 - 2 Screen - 5x4\triggers.pup' -> 'future pinball/PUPVideos/FP_PE_HALLOWEEN_BBM/PuP-Pack_Options/Option 3 - 2 Screen - 5x4/triggers.pup'
2026-06-11 21:11:30,512 [Thread-1    ] [INFO ]  + add 'C:\vPinball\PinUPSystem\PUPVideos\FP_PE_HALLOWEEN_BBM\PuP-Pack_Options\Option 4 - 2 Screen - 1x1\Option Selected.jpg' -> 'future pinball/PUPVideos/FP_PE_HALLOWEEN_BBM/PuP-Pack_Options/Option 4 - 2 Screen - 1x1/Option Selected.jpg'
2026-06-11 21:11:30,522 [Thread-1    ] [INFO ]  + add 'C:\vPinball\PinUPSystem\PUPVideos\FP_PE_HALLOWEEN_BBM\PuP-Pack_Options\Option 4 - 2 Screen - 1x1\Option Selected.txt' -> 'future pinball/PUPVideos/FP_PE_HALLOWEEN_BBM/PuP-Pack_Options/Option 4 - 2 Screen - 1x1/Option Selected.txt'
2026-06-11 21:11:30,526 [Thread-1    ] [INFO ]  + add 'C:\vPinball\PinUPSystem\PUPVideos\FP_PE_HALLOWEEN_BBM\PuP-Pack_Options\Option 4 - 2 Screen - 1x1\playlists.pup' -> 'future pinball/PUPVideos/FP_PE_HALLOWEEN_BBM/PuP-Pack_Options/Option 4 - 2 Screen - 1x1/playlists.pup'
2026-06-11 21:11:30,531 [Thread-1    ] [INFO ]  + add 'C:\vPinball\PinUPSystem\PUPVideos\FP_PE_HALLOWEEN_BBM\PuP-Pack_Options\Option 4 - 2 Screen - 1x1\screens.pup' -> 'future pinball/PUPVideos/FP_PE_HALLOWEEN_BBM/PuP-Pack_Options/Option 4 - 2 Screen - 1x1/screens.pup'
2026-06-11 21:11:30,539 [Thread-1    ] [INFO ]  + add 'C:\vPinball\PinUPSystem\PUPVideos\FP_PE_HALLOWEEN_BBM\PuP-Pack_Options\Option 4 - 2 Screen - 1x1\triggers.pup' -> 'future pinball/PUPVideos/FP_PE_HALLOWEEN_BBM/PuP-Pack_Options/Option 4 - 2 Screen - 1x1/triggers.pup'
2026-06-11 21:11:30,543 [Thread-1    ] [INFO ]  + add 'C:\vPinball\PinUPSystem\PUPVideos\FP_PE_HALLOWEEN_BBM\PuP-Pack_Options\Option 5 - 1 Screen - PUP Stream - Desktop or VR\Option Selected.jpg' -> 'future pinball/PUPVideos/FP_PE_HALLOWEEN_BBM/PuP-Pack_Options/Option 5 - 1 Screen - PUP Stream - Desktop or VR/Option Selected.jpg'
2026-06-11 21:11:30,555 [Thread-1    ] [INFO ]  + add 'C:\vPinball\PinUPSystem\PUPVideos\FP_PE_HALLOWEEN_BBM\PuP-Pack_Options\Option 5 - 1 Screen - PUP Stream - Desktop or VR\Option Selected.txt' -> 'future pinball/PUPVideos/FP_PE_HALLOWEEN_BBM/PuP-Pack_Options/Option 5 - 1 Screen - PUP Stream - Desktop or VR/Option Selected.txt'
2026-06-11 21:11:30,570 [Thread-1    ] [INFO ]  + add 'C:\vPinball\PinUPSystem\PUPVideos\FP_PE_HALLOWEEN_BBM\PuP-Pack_Options\Option 5 - 1 Screen - PUP Stream - Desktop or VR\playlists.pup' -> 'future pinball/PUPVideos/FP_PE_HALLOWEEN_BBM/PuP-Pack_Options/Option 5 - 1 Screen - PUP Stream - Desktop or VR/playlists.pup'
2026-06-11 21:11:30,574 [Thread-1    ] [INFO ]  + add 'C:\vPinball\PinUPSystem\PUPVideos\FP_PE_HALLOWEEN_BBM\PuP-Pack_Options\Option 5 - 1 Screen - PUP Stream - Desktop or VR\screens.pup' -> 'future pinball/PUPVideos/FP_PE_HALLOWEEN_BBM/PuP-Pack_Options/Option 5 - 1 Screen - PUP Stream - Desktop or VR/screens.pup'
2026-06-11 21:11:30,577 [Thread-1    ] [INFO ]  + add 'C:\vPinball\PinUPSystem\PUPVideos\FP_PE_HALLOWEEN_BBM\PuP-Pack_Options\Option 5 - 1 Screen - PUP Stream - Desktop or VR\triggers.pup' -> 'future pinball/PUPVideos/FP_PE_HALLOWEEN_BBM/PuP-Pack_Options/Option 5 - 1 Screen - PUP Stream - Desktop or VR/triggers.pup'
2026-06-11 21:11:30,582 [Thread-1    ] [INFO ]  + add 'C:\vPinball\PinUPSystem\PUPVideos\FP_PE_HALLOWEEN_BBM\PuP-Pack_Options\Option 6 - 1 Screen - Windowed - Desktop or VR\Option Selected.jpg' -> 'future pinball/PUPVideos/FP_PE_HALLOWEEN_BBM/PuP-Pack_Options/Option 6 - 1 Screen - Windowed - Desktop or VR/Option Selected.jpg'
2026-06-11 21:11:30,593 [Thread-1    ] [INFO ]  + add 'C:\vPinball\PinUPSystem\PUPVideos\FP_PE_HALLOWEEN_BBM\PuP-Pack_Options\Option 6 - 1 Screen - Windowed - Desktop or VR\Option Selected.txt' -> 'future pinball/PUPVideos/FP_PE_HALLOWEEN_BBM/PuP-Pack_Options/Option 6 - 1 Screen - Windowed - Desktop or VR/Option Selected.txt'
2026-06-11 21:11:30,596 [Thread-1    ] [INFO ]  + add 'C:\vPinball\PinUPSystem\PUPVideos\FP_PE_HALLOWEEN_BBM\PuP-Pack_Options\Option 6 - 1 Screen - Windowed - Desktop or VR\playlists.pup' -> 'future pinball/PUPVideos/FP_PE_HALLOWEEN_BBM/PuP-Pack_Options/Option 6 - 1 Screen - Windowed - Desktop or VR/playlists.pup'
2026-06-11 21:11:30,600 [Thread-1    ] [INFO ]  + add 'C:\vPinball\PinUPSystem\PUPVideos\FP_PE_HALLOWEEN_BBM\PuP-Pack_Options\Option 6 - 1 Screen - Windowed - Desktop or VR\PuPInit.bat' -> 'future pinball/PUPVideos/FP_PE_HALLOWEEN_BBM/PuP-Pack_Options/Option 6 - 1 Screen - Windowed - Desktop or VR/PuPInit.bat'
2026-06-11 21:11:30,616 [Thread-1    ] [INFO ]  + add 'C:\vPinball\PinUPSystem\PUPVideos\FP_PE_HALLOWEEN_BBM\PuP-Pack_Options\Option 6 - 1 Screen - Windowed - Desktop or VR\screens.pup' -> 'future pinball/PUPVideos/FP_PE_HALLOWEEN_BBM/PuP-Pack_Options/Option 6 - 1 Screen - Windowed - Desktop or VR/screens.pup'
2026-06-11 21:11:30,620 [Thread-1    ] [INFO ]  + add 'C:\vPinball\PinUPSystem\PUPVideos\FP_PE_HALLOWEEN_BBM\PuP-Pack_Options\Option 6 - 1 Screen - Windowed - Desktop or VR\triggers.pup' -> 'future pinball/PUPVideos/FP_PE_HALLOWEEN_BBM/PuP-Pack_Options/Option 6 - 1 Screen - Windowed - Desktop or VR/triggers.pup'
2026-06-11 21:11:30,625 [Thread-1    ] [INFO ]  + add 'C:\vPinball\PinUPSystem\PUPVideos\FP_PE_HALLOWEEN_BBM\PuPAlphas\Backbox - 1x1.png' -> 'future pinball/PUPVideos/FP_PE_HALLOWEEN_BBM/PuPAlphas/Backbox - 1x1.png'
2026-06-11 21:11:30,644 [Thread-1    ] [INFO ]  + add 'C:\vPinball\PinUPSystem\PUPVideos\FP_PE_HALLOWEEN_BBM\PuPAlphas\Backbox - 5x4.png' -> 'future pinball/PUPVideos/FP_PE_HALLOWEEN_BBM/PuPAlphas/Backbox - 5x4.png'
2026-06-11 21:11:30,660 [Thread-1    ] [INFO ]  + add 'C:\vPinball\PinUPSystem\PUPVideos\FP_PE_HALLOWEEN_BBM\PuPAlphas\Backglass - 16x9 - Border.png' -> 'future pinball/PUPVideos/FP_PE_HALLOWEEN_BBM/PuPAlphas/Backglass - 16x9 - Border.png'
2026-06-11 21:11:30,684 [Thread-1    ] [INFO ]  + add 'C:\vPinball\PinUPSystem\PUPVideos\FP_PE_HALLOWEEN_BBM\PuPOverlays\BackGlass DMD Overlay Frame.png' -> 'future pinball/PUPVideos/FP_PE_HALLOWEEN_BBM/PuPOverlays/BackGlass DMD Overlay Frame.png'
2026-06-11 21:11:30,731 [Thread-1    ] [INFO ]  + add 'C:\vPinball\PinUPSystem\PUPVideos\FP_PE_HALLOWEEN_BBM\PuPSounds\ballroll0.wav' -> 'future pinball/PUPVideos/FP_PE_HALLOWEEN_BBM/PuPSounds/ballroll0.wav'
2026-06-11 21:11:30,741 [Thread-1    ] [INFO ]  + add 'C:\vPinball\PinUPSystem\PUPVideos\FP_PE_HALLOWEEN_BBM\PuPSounds\ballroll1.wav' -> 'future pinball/PUPVideos/FP_PE_HALLOWEEN_BBM/PuPSounds/ballroll1.wav'
2026-06-11 21:11:30,750 [Thread-1    ] [INFO ]  + add 'C:\vPinball\PinUPSystem\PUPVideos\FP_PE_HALLOWEEN_BBM\PuPSounds\ballroll2.wav' -> 'future pinball/PUPVideos/FP_PE_HALLOWEEN_BBM/PuPSounds/ballroll2.wav'
2026-06-11 21:11:30,761 [Thread-1    ] [INFO ]  + add 'C:\vPinball\PinUPSystem\PUPVideos\FP_PE_HALLOWEEN_BBM\PuPSounds\ballroll3.wav' -> 'future pinball/PUPVideos/FP_PE_HALLOWEEN_BBM/PuPSounds/ballroll3.wav'
2026-06-11 21:11:30,770 [Thread-1    ] [INFO ]  + add 'C:\vPinball\PinUPSystem\PUPVideos\FP_PE_HALLOWEEN_BBM\PuPSounds\ballroll4.wav' -> 'future pinball/PUPVideos/FP_PE_HALLOWEEN_BBM/PuPSounds/ballroll4.wav'
2026-06-11 21:11:30,781 [Thread-1    ] [INFO ]  + add 'C:\vPinball\PinUPSystem\PUPVideos\FP_PE_HALLOWEEN_BBM\PuPSounds\ballroll5.wav' -> 'future pinball/PUPVideos/FP_PE_HALLOWEEN_BBM/PuPSounds/ballroll5.wav'
2026-06-11 21:11:30,790 [Thread-1    ] [INFO ]  + add 'C:\vPinball\PinUPSystem\PUPVideos\FP_PE_HALLOWEEN_BBM\PuPSounds\fx_BallLaunch.wav' -> 'future pinball/PUPVideos/FP_PE_HALLOWEEN_BBM/PuPSounds/fx_BallLaunch.wav'
2026-06-11 21:11:30,799 [Thread-1    ] [INFO ]  + add 'C:\vPinball\PinUPSystem\PUPVideos\FP_PE_HALLOWEEN_BBM\PuPSounds\mech_Apron_Bounce_1.wav' -> 'future pinball/PUPVideos/FP_PE_HALLOWEEN_BBM/PuPSounds/mech_Apron_Bounce_1.wav'
2026-06-11 21:11:30,809 [Thread-1    ] [INFO ]  + add 'C:\vPinball\PinUPSystem\PUPVideos\FP_PE_HALLOWEEN_BBM\PuPSounds\mech_Apron_Bounce_2.wav' -> 'future pinball/PUPVideos/FP_PE_HALLOWEEN_BBM/PuPSounds/mech_Apron_Bounce_2.wav'
2026-06-11 21:11:30,818 [Thread-1    ] [INFO ]  + add 'C:\vPinball\PinUPSystem\PUPVideos\FP_PE_HALLOWEEN_BBM\PuPSounds\mech_Apron_Bounce_Soft_1.wav' -> 'future pinball/PUPVideos/FP_PE_HALLOWEEN_BBM/PuPSounds/mech_Apron_Bounce_Soft_1.wav'
2026-06-11 21:11:30,825 [Thread-1    ] [INFO ]  + add 'C:\vPinball\PinUPSystem\PUPVideos\FP_PE_HALLOWEEN_BBM\PuPSounds\mech_Apron_Hard_1.wav' -> 'future pinball/PUPVideos/FP_PE_HALLOWEEN_BBM/PuPSounds/mech_Apron_Hard_1.wav'
2026-06-11 21:11:30,834 [Thread-1    ] [INFO ]  + add 'C:\vPinball\PinUPSystem\PUPVideos\FP_PE_HALLOWEEN_BBM\PuPSounds\mech_Apron_Hard_2.wav' -> 'future pinball/PUPVideos/FP_PE_HALLOWEEN_BBM/PuPSounds/mech_Apron_Hard_2.wav'
2026-06-11 21:11:30,846 [Thread-1    ] [INFO ]  + add 'C:\vPinball\PinUPSystem\PUPVideos\FP_PE_HALLOWEEN_BBM\PuPSounds\mech_Apron_Hard_3.wav' -> 'future pinball/PUPVideos/FP_PE_HALLOWEEN_BBM/PuPSounds/mech_Apron_Hard_3.wav'
2026-06-11 21:11:30,855 [Thread-1    ] [INFO ]  + add 'C:\vPinball\PinUPSystem\PUPVideos\FP_PE_HALLOWEEN_BBM\PuPSounds\mech_Apron_Hard_4.wav' -> 'future pinball/PUPVideos/FP_PE_HALLOWEEN_BBM/PuPSounds/mech_Apron_Hard_4.wav'
2026-06-11 21:11:30,865 [Thread-1    ] [INFO ]  + add 'C:\vPinball\PinUPSystem\PUPVideos\FP_PE_HALLOWEEN_BBM\PuPSounds\mech_Apron_Hard_Hit_1.wav' -> 'future pinball/PUPVideos/FP_PE_HALLOWEEN_BBM/PuPSounds/mech_Apron_Hard_Hit_1.wav'
2026-06-11 21:11:30,877 [Thread-1    ] [INFO ]  + add 'C:\vPinball\PinUPSystem\PUPVideos\FP_PE_HALLOWEEN_BBM\PuPSounds\mech_Apron_Hard_Hit_2.wav' -> 'future pinball/PUPVideos/FP_PE_HALLOWEEN_BBM/PuPSounds/mech_Apron_Hard_Hit_2.wav'
2026-06-11 21:11:30,887 [Thread-1    ] [INFO ]  + add 'C:\vPinball\PinUPSystem\PUPVideos\FP_PE_HALLOWEEN_BBM\PuPSounds\mech_Apron_Hard_Hit_3.wav' -> 'future pinball/PUPVideos/FP_PE_HALLOWEEN_BBM/PuPSounds/mech_Apron_Hard_Hit_3.wav'
2026-06-11 21:11:30,895 [Thread-1    ] [INFO ]  + add 'C:\vPinball\PinUPSystem\PUPVideos\FP_PE_HALLOWEEN_BBM\PuPSounds\mech_Apron_Medium_1.wav' -> 'future pinball/PUPVideos/FP_PE_HALLOWEEN_BBM/PuPSounds/mech_Apron_Medium_1.wav'
2026-06-11 21:11:30,905 [Thread-1    ] [INFO ]  + add 'C:\vPinball\PinUPSystem\PUPVideos\FP_PE_HALLOWEEN_BBM\PuPSounds\mech_Apron_Medium_2.wav' -> 'future pinball/PUPVideos/FP_PE_HALLOWEEN_BBM/PuPSounds/mech_Apron_Medium_2.wav'
2026-06-11 21:11:30,917 [Thread-1    ] [INFO ]  + add 'C:\vPinball\PinUPSystem\PUPVideos\FP_PE_HALLOWEEN_BBM\PuPSounds\mech_Apron_Medium_3.wav' -> 'future pinball/PUPVideos/FP_PE_HALLOWEEN_BBM/PuPSounds/mech_Apron_Medium_3.wav'
2026-06-11 21:11:30,929 [Thread-1    ] [INFO ]  + add 'C:\vPinball\PinUPSystem\PUPVideos\FP_PE_HALLOWEEN_BBM\PuPSounds\mech_Apron_Soft_1.wav' -> 'future pinball/PUPVideos/FP_PE_HALLOWEEN_BBM/PuPSounds/mech_Apron_Soft_1.wav'
2026-06-11 21:11:30,940 [Thread-1    ] [INFO ]  + add 'C:\vPinball\PinUPSystem\PUPVideos\FP_PE_HALLOWEEN_BBM\PuPSounds\mech_Apron_Soft_2.wav' -> 'future pinball/PUPVideos/FP_PE_HALLOWEEN_BBM/PuPSounds/mech_Apron_Soft_2.wav'
2026-06-11 21:11:30,948 [Thread-1    ] [INFO ]  + add 'C:\vPinball\PinUPSystem\PUPVideos\FP_PE_HALLOWEEN_BBM\PuPSounds\mech_Apron_Soft_3.wav' -> 'future pinball/PUPVideos/FP_PE_HALLOWEEN_BBM/PuPSounds/mech_Apron_Soft_3.wav'
2026-06-11 21:11:30,956 [Thread-1    ] [INFO ]  + add 'C:\vPinball\PinUPSystem\PUPVideos\FP_PE_HALLOWEEN_BBM\PuPSounds\mech_Apron_Soft_4.wav' -> 'future pinball/PUPVideos/FP_PE_HALLOWEEN_BBM/PuPSounds/mech_Apron_Soft_4.wav'
2026-06-11 21:11:30,966 [Thread-1    ] [INFO ]  + add 'C:\vPinball\PinUPSystem\PUPVideos\FP_PE_HALLOWEEN_BBM\PuPSounds\mech_Apron_Soft_5.wav' -> 'future pinball/PUPVideos/FP_PE_HALLOWEEN_BBM/PuPSounds/mech_Apron_Soft_5.wav'
2026-06-11 21:11:30,975 [Thread-1    ] [INFO ]  + add 'C:\vPinball\PinUPSystem\PUPVideos\FP_PE_HALLOWEEN_BBM\PuPSounds\mech_Apron_Soft_6.wav' -> 'future pinball/PUPVideos/FP_PE_HALLOWEEN_BBM/PuPSounds/mech_Apron_Soft_6.wav'
2026-06-11 21:11:30,983 [Thread-1    ] [INFO ]  + add 'C:\vPinball\PinUPSystem\PUPVideos\FP_PE_HALLOWEEN_BBM\PuPSounds\mech_Apron_Soft_7.wav' -> 'future pinball/PUPVideos/FP_PE_HALLOWEEN_BBM/PuPSounds/mech_Apron_Soft_7.wav'
2026-06-11 21:11:30,993 [Thread-1    ] [INFO ]  + add 'C:\vPinball\PinUPSystem\PUPVideos\FP_PE_HALLOWEEN_BBM\PuPSounds\mech_Arch_L1.wav' -> 'future pinball/PUPVideos/FP_PE_HALLOWEEN_BBM/PuPSounds/mech_Arch_L1.wav'
2026-06-11 21:11:31,002 [Thread-1    ] [INFO ]  + add 'C:\vPinball\PinUPSystem\PUPVideos\FP_PE_HALLOWEEN_BBM\PuPSounds\mech_Arch_L2.wav' -> 'future pinball/PUPVideos/FP_PE_HALLOWEEN_BBM/PuPSounds/mech_Arch_L2.wav'
2026-06-11 21:11:31,012 [Thread-1    ] [INFO ]  + add 'C:\vPinball\PinUPSystem\PUPVideos\FP_PE_HALLOWEEN_BBM\PuPSounds\mech_Arch_L3.wav' -> 'future pinball/PUPVideos/FP_PE_HALLOWEEN_BBM/PuPSounds/mech_Arch_L3.wav'
2026-06-11 21:11:31,023 [Thread-1    ] [INFO ]  + add 'C:\vPinball\PinUPSystem\PUPVideos\FP_PE_HALLOWEEN_BBM\PuPSounds\mech_Arch_L4.wav' -> 'future pinball/PUPVideos/FP_PE_HALLOWEEN_BBM/PuPSounds/mech_Arch_L4.wav'
2026-06-11 21:11:31,032 [Thread-1    ] [INFO ]  + add 'C:\vPinball\PinUPSystem\PUPVideos\FP_PE_HALLOWEEN_BBM\PuPSounds\mech_Arch_R1.wav' -> 'future pinball/PUPVideos/FP_PE_HALLOWEEN_BBM/PuPSounds/mech_Arch_R1.wav'
2026-06-11 21:11:31,042 [Thread-1    ] [INFO ]  + add 'C:\vPinball\PinUPSystem\PUPVideos\FP_PE_HALLOWEEN_BBM\PuPSounds\mech_Arch_R2.wav' -> 'future pinball/PUPVideos/FP_PE_HALLOWEEN_BBM/PuPSounds/mech_Arch_R2.wav'
2026-06-11 21:11:31,051 [Thread-1    ] [INFO ]  + add 'C:\vPinball\PinUPSystem\PUPVideos\FP_PE_HALLOWEEN_BBM\PuPSounds\mech_Arch_R3.wav' -> 'future pinball/PUPVideos/FP_PE_HALLOWEEN_BBM/PuPSounds/mech_Arch_R3.wav'
2026-06-11 21:11:31,059 [Thread-1    ] [INFO ]  + add 'C:\vPinball\PinUPSystem\PUPVideos\FP_PE_HALLOWEEN_BBM\PuPSounds\mech_Arch_R4.wav' -> 'future pinball/PUPVideos/FP_PE_HALLOWEEN_BBM/PuPSounds/mech_Arch_R4.wav'
2026-06-11 21:11:31,068 [Thread-1    ] [INFO ]  + add 'C:\vPinball\PinUPSystem\PUPVideos\FP_PE_HALLOWEEN_BBM\PuPSounds\mech_BallRelease1.wav' -> 'future pinball/PUPVideos/FP_PE_HALLOWEEN_BBM/PuPSounds/mech_BallRelease1.wav'
2026-06-11 21:11:31,077 [Thread-1    ] [INFO ]  + add 'C:\vPinball\PinUPSystem\PUPVideos\FP_PE_HALLOWEEN_BBM\PuPSounds\mech_BallRelease2.wav' -> 'future pinball/PUPVideos/FP_PE_HALLOWEEN_BBM/PuPSounds/mech_BallRelease2.wav'
2026-06-11 21:11:31,086 [Thread-1    ] [INFO ]  + add 'C:\vPinball\PinUPSystem\PUPVideos\FP_PE_HALLOWEEN_BBM\PuPSounds\mech_BallRelease3.wav' -> 'future pinball/PUPVideos/FP_PE_HALLOWEEN_BBM/PuPSounds/mech_BallRelease3.wav'
2026-06-11 21:11:31,096 [Thread-1    ] [INFO ]  + add 'C:\vPinball\PinUPSystem\PUPVideos\FP_PE_HALLOWEEN_BBM\PuPSounds\mech_BallRelease4.wav' -> 'future pinball/PUPVideos/FP_PE_HALLOWEEN_BBM/PuPSounds/mech_BallRelease4.wav'
2026-06-11 21:11:31,104 [Thread-1    ] [INFO ]  + add 'C:\vPinball\PinUPSystem\PUPVideos\FP_PE_HALLOWEEN_BBM\PuPSounds\mech_BallRelease5.wav' -> 'future pinball/PUPVideos/FP_PE_HALLOWEEN_BBM/PuPSounds/mech_BallRelease5.wav'
2026-06-11 21:11:31,113 [Thread-1    ] [INFO ]  + add 'C:\vPinball\PinUPSystem\PUPVideos\FP_PE_HALLOWEEN_BBM\PuPSounds\mech_BallRelease6.wav' -> 'future pinball/PUPVideos/FP_PE_HALLOWEEN_BBM/PuPSounds/mech_BallRelease6.wav'
2026-06-11 21:11:31,120 [Thread-1    ] [INFO ]  + add 'C:\vPinball\PinUPSystem\PUPVideos\FP_PE_HALLOWEEN_BBM\PuPSounds\mech_BallRelease7.wav' -> 'future pinball/PUPVideos/FP_PE_HALLOWEEN_BBM/PuPSounds/mech_BallRelease7.wav'
2026-06-11 21:11:31,129 [Thread-1    ] [INFO ]  + add 'C:\vPinball\PinUPSystem\PUPVideos\FP_PE_HALLOWEEN_BBM\PuPSounds\mech_BallRoll_0.wav' -> 'future pinball/PUPVideos/FP_PE_HALLOWEEN_BBM/PuPSounds/mech_BallRoll_0.wav'
2026-06-11 21:11:31,139 [Thread-1    ] [INFO ]  + add 'C:\vPinball\PinUPSystem\PUPVideos\FP_PE_HALLOWEEN_BBM\PuPSounds\mech_BallRoll_1.wav' -> 'future pinball/PUPVideos/FP_PE_HALLOWEEN_BBM/PuPSounds/mech_BallRoll_1.wav'
2026-06-11 21:11:31,149 [Thread-1    ] [INFO ]  + add 'C:\vPinball\PinUPSystem\PUPVideos\FP_PE_HALLOWEEN_BBM\PuPSounds\mech_BallRoll_10.wav' -> 'future pinball/PUPVideos/FP_PE_HALLOWEEN_BBM/PuPSounds/mech_BallRoll_10.wav'
2026-06-11 21:11:31,158 [Thread-1    ] [INFO ]  + add 'C:\vPinball\PinUPSystem\PUPVideos\FP_PE_HALLOWEEN_BBM\PuPSounds\mech_BallRoll_11.wav' -> 'future pinball/PUPVideos/FP_PE_HALLOWEEN_BBM/PuPSounds/mech_BallRoll_11.wav'
2026-06-11 21:11:31,167 [Thread-1    ] [INFO ]  + add 'C:\vPinball\PinUPSystem\PUPVideos\FP_PE_HALLOWEEN_BBM\PuPSounds\mech_BallRoll_2.wav' -> 'future pinball/PUPVideos/FP_PE_HALLOWEEN_BBM/PuPSounds/mech_BallRoll_2.wav'
2026-06-11 21:11:31,176 [Thread-1    ] [INFO ]  + add 'C:\vPinball\PinUPSystem\PUPVideos\FP_PE_HALLOWEEN_BBM\PuPSounds\mech_BallRoll_3.wav' -> 'future pinball/PUPVideos/FP_PE_HALLOWEEN_BBM/PuPSounds/mech_BallRoll_3.wav'
2026-06-11 21:11:31,185 [Thread-1    ] [INFO ]  + add 'C:\vPinball\PinUPSystem\PUPVideos\FP_PE_HALLOWEEN_BBM\PuPSounds\mech_BallRoll_4.wav' -> 'future pinball/PUPVideos/FP_PE_HALLOWEEN_BBM/PuPSounds/mech_BallRoll_4.wav'
2026-06-11 21:11:31,193 [Thread-1    ] [INFO ]  + add 'C:\vPinball\PinUPSystem\PUPVideos\FP_PE_HALLOWEEN_BBM\PuPSounds\mech_BallRoll_5.wav' -> 'future pinball/PUPVideos/FP_PE_HALLOWEEN_BBM/PuPSounds/mech_BallRoll_5.wav'
2026-06-11 21:11:31,205 [Thread-1    ] [INFO ]  + add 'C:\vPinball\PinUPSystem\PUPVideos\FP_PE_HALLOWEEN_BBM\PuPSounds\mech_BallRoll_6.wav' -> 'future pinball/PUPVideos/FP_PE_HALLOWEEN_BBM/PuPSounds/mech_BallRoll_6.wav'
2026-06-11 21:11:31,219 [Thread-1    ] [INFO ]  + add 'C:\vPinball\PinUPSystem\PUPVideos\FP_PE_HALLOWEEN_BBM\PuPSounds\mech_BallRoll_7.wav' -> 'future pinball/PUPVideos/FP_PE_HALLOWEEN_BBM/PuPSounds/mech_BallRoll_7.wav'
2026-06-11 21:11:31,230 [Thread-1    ] [INFO ]  + add 'C:\vPinball\PinUPSystem\PUPVideos\FP_PE_HALLOWEEN_BBM\PuPSounds\mech_BallRoll_8.wav' -> 'future pinball/PUPVideos/FP_PE_HALLOWEEN_BBM/PuPSounds/mech_BallRoll_8.wav'
2026-06-11 21:11:31,240 [Thread-1    ] [INFO ]  + add 'C:\vPinball\PinUPSystem\PUPVideos\FP_PE_HALLOWEEN_BBM\PuPSounds\mech_BallRoll_9.wav' -> 'future pinball/PUPVideos/FP_PE_HALLOWEEN_BBM/PuPSounds/mech_BallRoll_9.wav'
2026-06-11 21:11:31,248 [Thread-1    ] [INFO ]  + add 'C:\vPinball\PinUPSystem\PUPVideos\FP_PE_HALLOWEEN_BBM\PuPSounds\mech_ballroll_metal.wav' -> 'future pinball/PUPVideos/FP_PE_HALLOWEEN_BBM/PuPSounds/mech_ballroll_metal.wav'
2026-06-11 21:11:31,257 [Thread-1    ] [INFO ]  + add 'C:\vPinball\PinUPSystem\PUPVideos\FP_PE_HALLOWEEN_BBM\PuPSounds\mech_ballroll_plastic.wav' -> 'future pinball/PUPVideos/FP_PE_HALLOWEEN_BBM/PuPSounds/mech_ballroll_plastic.wav'
2026-06-11 21:11:31,267 [Thread-1    ] [INFO ]  + add 'C:\vPinball\PinUPSystem\PUPVideos\FP_PE_HALLOWEEN_BBM\PuPSounds\mech_ballroll_wire.wav' -> 'future pinball/PUPVideos/FP_PE_HALLOWEEN_BBM/PuPSounds/mech_ballroll_wire.wav'
2026-06-11 21:11:31,276 [Thread-1    ] [INFO ]  + add 'C:\vPinball\PinUPSystem\PUPVideos\FP_PE_HALLOWEEN_BBM\PuPSounds\mech_ballroll_wire2.wav' -> 'future pinball/PUPVideos/FP_PE_HALLOWEEN_BBM/PuPSounds/mech_ballroll_wire2.wav'
2026-06-11 21:11:31,286 [Thread-1    ] [INFO ]  + add 'C:\vPinball\PinUPSystem\PUPVideos\FP_PE_HALLOWEEN_BBM\PuPSounds\mech_ballroll_wood.wav' -> 'future pinball/PUPVideos/FP_PE_HALLOWEEN_BBM/PuPSounds/mech_ballroll_wood.wav'
2026-06-11 21:11:31,294 [Thread-1    ] [INFO ]  + add 'C:\vPinball\PinUPSystem\PUPVideos\FP_PE_HALLOWEEN_BBM\PuPSounds\mech_ballroll_wood2.wav' -> 'future pinball/PUPVideos/FP_PE_HALLOWEEN_BBM/PuPSounds/mech_ballroll_wood2.wav'
2026-06-11 21:11:31,304 [Thread-1    ] [INFO ]  + add 'C:\vPinball\PinUPSystem\PUPVideos\FP_PE_HALLOWEEN_BBM\PuPSounds\mech_Ball_Bounce_Playfield_Hard_1.wav' -> 'future pinball/PUPVideos/FP_PE_HALLOWEEN_BBM/PuPSounds/mech_Ball_Bounce_Playfield_Hard_1.wav'
2026-06-11 21:11:31,313 [Thread-1    ] [INFO ]  + add 'C:\vPinball\PinUPSystem\PUPVideos\FP_PE_HALLOWEEN_BBM\PuPSounds\mech_Ball_Bounce_Playfield_Hard_2.wav' -> 'future pinball/PUPVideos/FP_PE_HALLOWEEN_BBM/PuPSounds/mech_Ball_Bounce_Playfield_Hard_2.wav'
2026-06-11 21:11:31,324 [Thread-1    ] [INFO ]  + add 'C:\vPinball\PinUPSystem\PUPVideos\FP_PE_HALLOWEEN_BBM\PuPSounds\mech_Ball_Bounce_Playfield_Hard_3.wav' -> 'future pinball/PUPVideos/FP_PE_HALLOWEEN_BBM/PuPSounds/mech_Ball_Bounce_Playfield_Hard_3.wav'
2026-06-11 21:11:31,332 [Thread-1    ] [INFO ]  + add 'C:\vPinball\PinUPSystem\PUPVideos\FP_PE_HALLOWEEN_BBM\PuPSounds\mech_Ball_Bounce_Playfield_Hard_4.wav' -> 'future pinball/PUPVideos/FP_PE_HALLOWEEN_BBM/PuPSounds/mech_Ball_Bounce_Playfield_Hard_4.wav'
2026-06-11 21:11:31,340 [Thread-1    ] [INFO ]  + add 'C:\vPinball\PinUPSystem\PUPVideos\FP_PE_HALLOWEEN_BBM\PuPSounds\mech_Ball_Bounce_Playfield_Hard_5.wav' -> 'future pinball/PUPVideos/FP_PE_HALLOWEEN_BBM/PuPSounds/mech_Ball_Bounce_Playfield_Hard_5.wav'
2026-06-11 21:11:31,349 [Thread-1    ] [INFO ]  + add 'C:\vPinball\PinUPSystem\PUPVideos\FP_PE_HALLOWEEN_BBM\PuPSounds\mech_Ball_Bounce_Playfield_Hard_6.wav' -> 'future pinball/PUPVideos/FP_PE_HALLOWEEN_BBM/PuPSounds/mech_Ball_Bounce_Playfield_Hard_6.wav'
2026-06-11 21:11:31,357 [Thread-1    ] [INFO ]  + add 'C:\vPinball\PinUPSystem\PUPVideos\FP_PE_HALLOWEEN_BBM\PuPSounds\mech_Ball_Bounce_Playfield_Hard_7.wav' -> 'future pinball/PUPVideos/FP_PE_HALLOWEEN_BBM/PuPSounds/mech_Ball_Bounce_Playfield_Hard_7.wav'
2026-06-11 21:11:31,365 [Thread-1    ] [INFO ]  + add 'C:\vPinball\PinUPSystem\PUPVideos\FP_PE_HALLOWEEN_BBM\PuPSounds\mech_Ball_Bounce_Playfield_Soft_1.wav' -> 'future pinball/PUPVideos/FP_PE_HALLOWEEN_BBM/PuPSounds/mech_Ball_Bounce_Playfield_Soft_1.wav'
2026-06-11 21:11:31,373 [Thread-1    ] [INFO ]  + add 'C:\vPinball\PinUPSystem\PUPVideos\FP_PE_HALLOWEEN_BBM\PuPSounds\mech_Ball_Bounce_Playfield_Soft_2.wav' -> 'future pinball/PUPVideos/FP_PE_HALLOWEEN_BBM/PuPSounds/mech_Ball_Bounce_Playfield_Soft_2.wav'
2026-06-11 21:11:31,381 [Thread-1    ] [INFO ]  + add 'C:\vPinball\PinUPSystem\PUPVideos\FP_PE_HALLOWEEN_BBM\PuPSounds\mech_Ball_Bounce_Playfield_Soft_3.wav' -> 'future pinball/PUPVideos/FP_PE_HALLOWEEN_BBM/PuPSounds/mech_Ball_Bounce_Playfield_Soft_3.wav'
2026-06-11 21:11:31,390 [Thread-1    ] [INFO ]  + add 'C:\vPinball\PinUPSystem\PUPVideos\FP_PE_HALLOWEEN_BBM\PuPSounds\mech_Ball_Bounce_Playfield_Soft_4.wav' -> 'future pinball/PUPVideos/FP_PE_HALLOWEEN_BBM/PuPSounds/mech_Ball_Bounce_Playfield_Soft_4.wav'
2026-06-11 21:11:31,398 [Thread-1    ] [INFO ]  + add 'C:\vPinball\PinUPSystem\PUPVideos\FP_PE_HALLOWEEN_BBM\PuPSounds\mech_Ball_Bounce_Playfield_Soft_5.wav' -> 'future pinball/PUPVideos/FP_PE_HALLOWEEN_BBM/PuPSounds/mech_Ball_Bounce_Playfield_Soft_5.wav'
2026-06-11 21:11:31,407 [Thread-1    ] [INFO ]  + add 'C:\vPinball\PinUPSystem\PUPVideos\FP_PE_HALLOWEEN_BBM\PuPSounds\mech_Ball_Collide_1.wav' -> 'future pinball/PUPVideos/FP_PE_HALLOWEEN_BBM/PuPSounds/mech_Ball_Collide_1.wav'
2026-06-11 21:11:31,415 [Thread-1    ] [INFO ]  + add 'C:\vPinball\PinUPSystem\PUPVideos\FP_PE_HALLOWEEN_BBM\PuPSounds\mech_Ball_Collide_2.wav' -> 'future pinball/PUPVideos/FP_PE_HALLOWEEN_BBM/PuPSounds/mech_Ball_Collide_2.wav'
2026-06-11 21:11:31,424 [Thread-1    ] [INFO ]  + add 'C:\vPinball\PinUPSystem\PUPVideos\FP_PE_HALLOWEEN_BBM\PuPSounds\mech_Ball_Collide_3.wav' -> 'future pinball/PUPVideos/FP_PE_HALLOWEEN_BBM/PuPSounds/mech_Ball_Collide_3.wav'
2026-06-11 21:11:31,434 [Thread-1    ] [INFO ]  + add 'C:\vPinball\PinUPSystem\PUPVideos\FP_PE_HALLOWEEN_BBM\PuPSounds\mech_Ball_Collide_4.wav' -> 'future pinball/PUPVideos/FP_PE_HALLOWEEN_BBM/PuPSounds/mech_Ball_Collide_4.wav'
2026-06-11 21:11:31,443 [Thread-1    ] [INFO ]  + add 'C:\vPinball\PinUPSystem\PUPVideos\FP_PE_HALLOWEEN_BBM\PuPSounds\mech_Ball_Collide_5.wav' -> 'future pinball/PUPVideos/FP_PE_HALLOWEEN_BBM/PuPSounds/mech_Ball_Collide_5.wav'
2026-06-11 21:11:31,451 [Thread-1    ] [INFO ]  + add 'C:\vPinball\PinUPSystem\PUPVideos\FP_PE_HALLOWEEN_BBM\PuPSounds\mech_Ball_Collide_6.wav' -> 'future pinball/PUPVideos/FP_PE_HALLOWEEN_BBM/PuPSounds/mech_Ball_Collide_6.wav'
2026-06-11 21:11:31,459 [Thread-1    ] [INFO ]  + add 'C:\vPinball\PinUPSystem\PUPVideos\FP_PE_HALLOWEEN_BBM\PuPSounds\mech_Ball_Collide_7.wav' -> 'future pinball/PUPVideos/FP_PE_HALLOWEEN_BBM/PuPSounds/mech_Ball_Collide_7.wav'
2026-06-11 21:11:31,467 [Thread-1    ] [INFO ]  + add 'C:\vPinball\PinUPSystem\PUPVideos\FP_PE_HALLOWEEN_BBM\PuPSounds\mech_Ball_Drop_1.wav' -> 'future pinball/PUPVideos/FP_PE_HALLOWEEN_BBM/PuPSounds/mech_Ball_Drop_1.wav'
2026-06-11 21:11:31,475 [Thread-1    ] [INFO ]  + add 'C:\vPinball\PinUPSystem\PUPVideos\FP_PE_HALLOWEEN_BBM\PuPSounds\mech_Ball_Drop_2.wav' -> 'future pinball/PUPVideos/FP_PE_HALLOWEEN_BBM/PuPSounds/mech_Ball_Drop_2.wav'
2026-06-11 21:11:31,483 [Thread-1    ] [INFO ]  + add 'C:\vPinball\PinUPSystem\PUPVideos\FP_PE_HALLOWEEN_BBM\PuPSounds\mech_Ball_Drop_3.wav' -> 'future pinball/PUPVideos/FP_PE_HALLOWEEN_BBM/PuPSounds/mech_Ball_Drop_3.wav'
2026-06-11 21:11:31,491 [Thread-1    ] [INFO ]  + add 'C:\vPinball\PinUPSystem\PUPVideos\FP_PE_HALLOWEEN_BBM\PuPSounds\mech_Ball_Drop_4.wav' -> 'future pinball/PUPVideos/FP_PE_HALLOWEEN_BBM/PuPSounds/mech_Ball_Drop_4.wav'
2026-06-11 21:11:31,499 [Thread-1    ] [INFO ]  + add 'C:\vPinball\PinUPSystem\PUPVideos\FP_PE_HALLOWEEN_BBM\PuPSounds\mech_Ball_Drop_5.wav' -> 'future pinball/PUPVideos/FP_PE_HALLOWEEN_BBM/PuPSounds/mech_Ball_Drop_5.wav'
2026-06-11 21:11:31,508 [Thread-1    ] [INFO ]  + add 'C:\vPinball\PinUPSystem\PUPVideos\FP_PE_HALLOWEEN_BBM\PuPSounds\mech_Ball_Drop_Playfield_1_Delayed.wav' -> 'future pinball/PUPVideos/FP_PE_HALLOWEEN_BBM/PuPSounds/mech_Ball_Drop_Playfield_1_Delayed.wav'
2026-06-11 21:11:31,516 [Thread-1    ] [INFO ]  + add 'C:\vPinball\PinUPSystem\PUPVideos\FP_PE_HALLOWEEN_BBM\PuPSounds\mech_Ball_Drop_Playfield_2_Delayed.wav' -> 'future pinball/PUPVideos/FP_PE_HALLOWEEN_BBM/PuPSounds/mech_Ball_Drop_Playfield_2_Delayed.wav'
2026-06-11 21:11:31,529 [Thread-1    ] [INFO ]  + add 'C:\vPinball\PinUPSystem\PUPVideos\FP_PE_HALLOWEEN_BBM\PuPSounds\mech_Ball_Drop_Playfield_3_Delayed.wav' -> 'future pinball/PUPVideos/FP_PE_HALLOWEEN_BBM/PuPSounds/mech_Ball_Drop_Playfield_3_Delayed.wav'
2026-06-11 21:11:31,538 [Thread-1    ] [INFO ]  + add 'C:\vPinball\PinUPSystem\PUPVideos\FP_PE_HALLOWEEN_BBM\PuPSounds\mech_Ball_Drop_Playfield_4_Delayed.wav' -> 'future pinball/PUPVideos/FP_PE_HALLOWEEN_BBM/PuPSounds/mech_Ball_Drop_Playfield_4_Delayed.wav'
2026-06-11 21:11:31,546 [Thread-1    ] [INFO ]  + add 'C:\vPinball\PinUPSystem\PUPVideos\FP_PE_HALLOWEEN_BBM\PuPSounds\mech_Ball_Drop_Playfield_5_Delayed.wav' -> 'future pinball/PUPVideos/FP_PE_HALLOWEEN_BBM/PuPSounds/mech_Ball_Drop_Playfield_5_Delayed.wav'
2026-06-11 21:11:31,553 [Thread-1    ] [INFO ]  + add 'C:\vPinball\PinUPSystem\PUPVideos\FP_PE_HALLOWEEN_BBM\PuPSounds\mech_Bumpers_Bottom_1.wav' -> 'future pinball/PUPVideos/FP_PE_HALLOWEEN_BBM/PuPSounds/mech_Bumpers_Bottom_1.wav'
2026-06-11 21:11:31,563 [Thread-1    ] [INFO ]  + add 'C:\vPinball\PinUPSystem\PUPVideos\FP_PE_HALLOWEEN_BBM\PuPSounds\mech_Bumpers_Bottom_2.wav' -> 'future pinball/PUPVideos/FP_PE_HALLOWEEN_BBM/PuPSounds/mech_Bumpers_Bottom_2.wav'
2026-06-11 21:11:31,572 [Thread-1    ] [INFO ]  + add 'C:\vPinball\PinUPSystem\PUPVideos\FP_PE_HALLOWEEN_BBM\PuPSounds\mech_Bumpers_Bottom_3.wav' -> 'future pinball/PUPVideos/FP_PE_HALLOWEEN_BBM/PuPSounds/mech_Bumpers_Bottom_3.wav'
2026-06-11 21:11:31,581 [Thread-1    ] [INFO ]  + add 'C:\vPinball\PinUPSystem\PUPVideos\FP_PE_HALLOWEEN_BBM\PuPSounds\mech_Bumpers_Bottom_4.wav' -> 'future pinball/PUPVideos/FP_PE_HALLOWEEN_BBM/PuPSounds/mech_Bumpers_Bottom_4.wav'
2026-06-11 21:11:31,589 [Thread-1    ] [INFO ]  + add 'C:\vPinball\PinUPSystem\PUPVideos\FP_PE_HALLOWEEN_BBM\PuPSounds\mech_Bumpers_Bottom_5.wav' -> 'future pinball/PUPVideos/FP_PE_HALLOWEEN_BBM/PuPSounds/mech_Bumpers_Bottom_5.wav'
2026-06-11 21:11:31,597 [Thread-1    ] [INFO ]  + add 'C:\vPinball\PinUPSystem\PUPVideos\FP_PE_HALLOWEEN_BBM\PuPSounds\mech_Bumpers_Middle_1.wav' -> 'future pinball/PUPVideos/FP_PE_HALLOWEEN_BBM/PuPSounds/mech_Bumpers_Middle_1.wav'
2026-06-11 21:11:31,605 [Thread-1    ] [INFO ]  + add 'C:\vPinball\PinUPSystem\PUPVideos\FP_PE_HALLOWEEN_BBM\PuPSounds\mech_Bumpers_Middle_2.wav' -> 'future pinball/PUPVideos/FP_PE_HALLOWEEN_BBM/PuPSounds/mech_Bumpers_Middle_2.wav'
2026-06-11 21:11:31,616 [Thread-1    ] [INFO ]  + add 'C:\vPinball\PinUPSystem\PUPVideos\FP_PE_HALLOWEEN_BBM\PuPSounds\mech_Bumpers_Middle_3.wav' -> 'future pinball/PUPVideos/FP_PE_HALLOWEEN_BBM/PuPSounds/mech_Bumpers_Middle_3.wav'
2026-06-11 21:11:31,625 [Thread-1    ] [INFO ]  + add 'C:\vPinball\PinUPSystem\PUPVideos\FP_PE_HALLOWEEN_BBM\PuPSounds\mech_Bumpers_Middle_4.wav' -> 'future pinball/PUPVideos/FP_PE_HALLOWEEN_BBM/PuPSounds/mech_Bumpers_Middle_4.wav'
2026-06-11 21:11:31,635 [Thread-1    ] [INFO ]  + add 'C:\vPinball\PinUPSystem\PUPVideos\FP_PE_HALLOWEEN_BBM\PuPSounds\mech_Bumpers_Middle_5.wav' -> 'future pinball/PUPVideos/FP_PE_HALLOWEEN_BBM/PuPSounds/mech_Bumpers_Middle_5.wav'
2026-06-11 21:11:31,643 [Thread-1    ] [INFO ]  + add 'C:\vPinball\PinUPSystem\PUPVideos\FP_PE_HALLOWEEN_BBM\PuPSounds\mech_Bumpers_Top_1.wav' -> 'future pinball/PUPVideos/FP_PE_HALLOWEEN_BBM/PuPSounds/mech_Bumpers_Top_1.wav'
2026-06-11 21:11:31,652 [Thread-1    ] [INFO ]  + add 'C:\vPinball\PinUPSystem\PUPVideos\FP_PE_HALLOWEEN_BBM\PuPSounds\mech_Bumpers_Top_2.wav' -> 'future pinball/PUPVideos/FP_PE_HALLOWEEN_BBM/PuPSounds/mech_Bumpers_Top_2.wav'
2026-06-11 21:11:31,660 [Thread-1    ] [INFO ]  + add 'C:\vPinball\PinUPSystem\PUPVideos\FP_PE_HALLOWEEN_BBM\PuPSounds\mech_Bumpers_Top_3.wav' -> 'future pinball/PUPVideos/FP_PE_HALLOWEEN_BBM/PuPSounds/mech_Bumpers_Top_3.wav'
2026-06-11 21:11:31,670 [Thread-1    ] [INFO ]  + add 'C:\vPinball\PinUPSystem\PUPVideos\FP_PE_HALLOWEEN_BBM\PuPSounds\mech_Bumpers_Top_4.wav' -> 'future pinball/PUPVideos/FP_PE_HALLOWEEN_BBM/PuPSounds/mech_Bumpers_Top_4.wav'
2026-06-11 21:11:31,679 [Thread-1    ] [INFO ]  + add 'C:\vPinball\PinUPSystem\PUPVideos\FP_PE_HALLOWEEN_BBM\PuPSounds\mech_Bumpers_Top_5.wav' -> 'future pinball/PUPVideos/FP_PE_HALLOWEEN_BBM/PuPSounds/mech_Bumpers_Top_5.wav'
2026-06-11 21:11:31,688 [Thread-1    ] [INFO ]  + add 'C:\vPinball\PinUPSystem\PUPVideos\FP_PE_HALLOWEEN_BBM\PuPSounds\mech_Coin_In_1.wav' -> 'future pinball/PUPVideos/FP_PE_HALLOWEEN_BBM/PuPSounds/mech_Coin_In_1.wav'
2026-06-11 21:11:31,696 [Thread-1    ] [INFO ]  + add 'C:\vPinball\PinUPSystem\PUPVideos\FP_PE_HALLOWEEN_BBM\PuPSounds\mech_Coin_In_2.wav' -> 'future pinball/PUPVideos/FP_PE_HALLOWEEN_BBM/PuPSounds/mech_Coin_In_2.wav'
2026-06-11 21:11:31,705 [Thread-1    ] [INFO ]  + add 'C:\vPinball\PinUPSystem\PUPVideos\FP_PE_HALLOWEEN_BBM\PuPSounds\mech_Coin_In_3.wav' -> 'future pinball/PUPVideos/FP_PE_HALLOWEEN_BBM/PuPSounds/mech_Coin_In_3.wav'
2026-06-11 21:11:31,715 [Thread-1    ] [INFO ]  + add 'C:\vPinball\PinUPSystem\PUPVideos\FP_PE_HALLOWEEN_BBM\PuPSounds\mech_Drain_1.wav' -> 'future pinball/PUPVideos/FP_PE_HALLOWEEN_BBM/PuPSounds/mech_Drain_1.wav'
2026-06-11 21:11:31,724 [Thread-1    ] [INFO ]  + add 'C:\vPinball\PinUPSystem\PUPVideos\FP_PE_HALLOWEEN_BBM\PuPSounds\mech_Drain_10.wav' -> 'future pinball/PUPVideos/FP_PE_HALLOWEEN_BBM/PuPSounds/mech_Drain_10.wav'
2026-06-11 21:11:31,734 [Thread-1    ] [INFO ]  + add 'C:\vPinball\PinUPSystem\PUPVideos\FP_PE_HALLOWEEN_BBM\PuPSounds\mech_Drain_11.wav' -> 'future pinball/PUPVideos/FP_PE_HALLOWEEN_BBM/PuPSounds/mech_Drain_11.wav'
2026-06-11 21:11:31,744 [Thread-1    ] [INFO ]  + add 'C:\vPinball\PinUPSystem\PUPVideos\FP_PE_HALLOWEEN_BBM\PuPSounds\mech_Drain_2.wav' -> 'future pinball/PUPVideos/FP_PE_HALLOWEEN_BBM/PuPSounds/mech_Drain_2.wav'
2026-06-11 21:11:31,752 [Thread-1    ] [INFO ]  + add 'C:\vPinball\PinUPSystem\PUPVideos\FP_PE_HALLOWEEN_BBM\PuPSounds\mech_Drain_3.wav' -> 'future pinball/PUPVideos/FP_PE_HALLOWEEN_BBM/PuPSounds/mech_Drain_3.wav'
2026-06-11 21:11:31,760 [Thread-1    ] [INFO ]  + add 'C:\vPinball\PinUPSystem\PUPVideos\FP_PE_HALLOWEEN_BBM\PuPSounds\mech_Drain_4.wav' -> 'future pinball/PUPVideos/FP_PE_HALLOWEEN_BBM/PuPSounds/mech_Drain_4.wav'
2026-06-11 21:11:31,768 [Thread-1    ] [INFO ]  + add 'C:\vPinball\PinUPSystem\PUPVideos\FP_PE_HALLOWEEN_BBM\PuPSounds\mech_Drain_5.wav' -> 'future pinball/PUPVideos/FP_PE_HALLOWEEN_BBM/PuPSounds/mech_Drain_5.wav'
2026-06-11 21:11:31,777 [Thread-1    ] [INFO ]  + add 'C:\vPinball\PinUPSystem\PUPVideos\FP_PE_HALLOWEEN_BBM\PuPSounds\mech_Drain_6.wav' -> 'future pinball/PUPVideos/FP_PE_HALLOWEEN_BBM/PuPSounds/mech_Drain_6.wav'
2026-06-11 21:11:31,787 [Thread-1    ] [INFO ]  + add 'C:\vPinball\PinUPSystem\PUPVideos\FP_PE_HALLOWEEN_BBM\PuPSounds\mech_Drain_7.wav' -> 'future pinball/PUPVideos/FP_PE_HALLOWEEN_BBM/PuPSounds/mech_Drain_7.wav'
2026-06-11 21:11:31,796 [Thread-1    ] [INFO ]  + add 'C:\vPinball\PinUPSystem\PUPVideos\FP_PE_HALLOWEEN_BBM\PuPSounds\mech_Drain_8.wav' -> 'future pinball/PUPVideos/FP_PE_HALLOWEEN_BBM/PuPSounds/mech_Drain_8.wav'
2026-06-11 21:11:31,804 [Thread-1    ] [INFO ]  + add 'C:\vPinball\PinUPSystem\PUPVideos\FP_PE_HALLOWEEN_BBM\PuPSounds\mech_Drain_9.wav' -> 'future pinball/PUPVideos/FP_PE_HALLOWEEN_BBM/PuPSounds/mech_Drain_9.wav'
2026-06-11 21:11:31,812 [Thread-1    ] [INFO ]  + add 'C:\vPinball\PinUPSystem\PUPVideos\FP_PE_HALLOWEEN_BBM\PuPSounds\mech_DropTarget_Down.wav' -> 'future pinball/PUPVideos/FP_PE_HALLOWEEN_BBM/PuPSounds/mech_DropTarget_Down.wav'
2026-06-11 21:11:31,819 [Thread-1    ] [INFO ]  + add 'C:\vPinball\PinUPSystem\PUPVideos\FP_PE_HALLOWEEN_BBM\PuPSounds\mech_DropTarget_Up.wav' -> 'future pinball/PUPVideos/FP_PE_HALLOWEEN_BBM/PuPSounds/mech_DropTarget_Up.wav'
2026-06-11 21:11:31,827 [Thread-1    ] [INFO ]  + add 'C:\vPinball\PinUPSystem\PUPVideos\FP_PE_HALLOWEEN_BBM\PuPSounds\mech_Flipper_Attack-L01.wav' -> 'future pinball/PUPVideos/FP_PE_HALLOWEEN_BBM/PuPSounds/mech_Flipper_Attack-L01.wav'
2026-06-11 21:11:31,830 [Thread-1    ] [INFO ]  + add 'C:\vPinball\PinUPSystem\PUPVideos\FP_PE_HALLOWEEN_BBM\PuPSounds\mech_Flipper_Attack-R01.wav' -> 'future pinball/PUPVideos/FP_PE_HALLOWEEN_BBM/PuPSounds/mech_Flipper_Attack-R01.wav'
2026-06-11 21:11:31,833 [Thread-1    ] [INFO ]  + add 'C:\vPinball\PinUPSystem\PUPVideos\FP_PE_HALLOWEEN_BBM\PuPSounds\mech_Flipper_L01.wav' -> 'future pinball/PUPVideos/FP_PE_HALLOWEEN_BBM/PuPSounds/mech_Flipper_L01.wav'
2026-06-11 21:11:31,842 [Thread-1    ] [INFO ]  + add 'C:\vPinball\PinUPSystem\PUPVideos\FP_PE_HALLOWEEN_BBM\PuPSounds\mech_Flipper_L02.wav' -> 'future pinball/PUPVideos/FP_PE_HALLOWEEN_BBM/PuPSounds/mech_Flipper_L02.wav'
2026-06-11 21:11:31,850 [Thread-1    ] [INFO ]  + add 'C:\vPinball\PinUPSystem\PUPVideos\FP_PE_HALLOWEEN_BBM\PuPSounds\mech_Flipper_L03.wav' -> 'future pinball/PUPVideos/FP_PE_HALLOWEEN_BBM/PuPSounds/mech_Flipper_L03.wav'
2026-06-11 21:11:31,859 [Thread-1    ] [INFO ]  + add 'C:\vPinball\PinUPSystem\PUPVideos\FP_PE_HALLOWEEN_BBM\PuPSounds\mech_Flipper_L04.wav' -> 'future pinball/PUPVideos/FP_PE_HALLOWEEN_BBM/PuPSounds/mech_Flipper_L04.wav'
2026-06-11 21:11:31,867 [Thread-1    ] [INFO ]  + add 'C:\vPinball\PinUPSystem\PUPVideos\FP_PE_HALLOWEEN_BBM\PuPSounds\mech_Flipper_L05.wav' -> 'future pinball/PUPVideos/FP_PE_HALLOWEEN_BBM/PuPSounds/mech_Flipper_L05.wav'
2026-06-11 21:11:31,876 [Thread-1    ] [INFO ]  + add 'C:\vPinball\PinUPSystem\PUPVideos\FP_PE_HALLOWEEN_BBM\PuPSounds\mech_Flipper_L06.wav' -> 'future pinball/PUPVideos/FP_PE_HALLOWEEN_BBM/PuPSounds/mech_Flipper_L06.wav'
2026-06-11 21:11:31,888 [Thread-1    ] [INFO ]  + add 'C:\vPinball\PinUPSystem\PUPVideos\FP_PE_HALLOWEEN_BBM\PuPSounds\mech_Flipper_L07.wav' -> 'future pinball/PUPVideos/FP_PE_HALLOWEEN_BBM/PuPSounds/mech_Flipper_L07.wav'
2026-06-11 21:11:31,897 [Thread-1    ] [INFO ]  + add 'C:\vPinball\PinUPSystem\PUPVideos\FP_PE_HALLOWEEN_BBM\PuPSounds\mech_Flipper_L08.wav' -> 'future pinball/PUPVideos/FP_PE_HALLOWEEN_BBM/PuPSounds/mech_Flipper_L08.wav'
2026-06-11 21:11:31,905 [Thread-1    ] [INFO ]  + add 'C:\vPinball\PinUPSystem\PUPVideos\FP_PE_HALLOWEEN_BBM\PuPSounds\mech_Flipper_L09.wav' -> 'future pinball/PUPVideos/FP_PE_HALLOWEEN_BBM/PuPSounds/mech_Flipper_L09.wav'
2026-06-11 21:11:31,913 [Thread-1    ] [INFO ]  + add 'C:\vPinball\PinUPSystem\PUPVideos\FP_PE_HALLOWEEN_BBM\PuPSounds\mech_Flipper_L10.wav' -> 'future pinball/PUPVideos/FP_PE_HALLOWEEN_BBM/PuPSounds/mech_Flipper_L10.wav'
2026-06-11 21:11:31,922 [Thread-1    ] [INFO ]  + add 'C:\vPinball\PinUPSystem\PUPVideos\FP_PE_HALLOWEEN_BBM\PuPSounds\mech_Flipper_L11.wav' -> 'future pinball/PUPVideos/FP_PE_HALLOWEEN_BBM/PuPSounds/mech_Flipper_L11.wav'
2026-06-11 21:11:31,929 [Thread-1    ] [INFO ]  + add 'C:\vPinball\PinUPSystem\PUPVideos\FP_PE_HALLOWEEN_BBM\PuPSounds\mech_Flipper_Left_Down_1.wav' -> 'future pinball/PUPVideos/FP_PE_HALLOWEEN_BBM/PuPSounds/mech_Flipper_Left_Down_1.wav'
2026-06-11 21:11:31,938 [Thread-1    ] [INFO ]  + add 'C:\vPinball\PinUPSystem\PUPVideos\FP_PE_HALLOWEEN_BBM\PuPSounds\mech_Flipper_Left_Down_2.wav' -> 'future pinball/PUPVideos/FP_PE_HALLOWEEN_BBM/PuPSounds/mech_Flipper_Left_Down_2.wav'
2026-06-11 21:11:31,946 [Thread-1    ] [INFO ]  + add 'C:\vPinball\PinUPSystem\PUPVideos\FP_PE_HALLOWEEN_BBM\PuPSounds\mech_Flipper_Left_Down_3.wav' -> 'future pinball/PUPVideos/FP_PE_HALLOWEEN_BBM/PuPSounds/mech_Flipper_Left_Down_3.wav'
2026-06-11 21:11:31,956 [Thread-1    ] [INFO ]  + add 'C:\vPinball\PinUPSystem\PUPVideos\FP_PE_HALLOWEEN_BBM\PuPSounds\mech_Flipper_Left_Down_4.wav' -> 'future pinball/PUPVideos/FP_PE_HALLOWEEN_BBM/PuPSounds/mech_Flipper_Left_Down_4.wav'
2026-06-11 21:11:31,963 [Thread-1    ] [INFO ]  + add 'C:\vPinball\PinUPSystem\PUPVideos\FP_PE_HALLOWEEN_BBM\PuPSounds\mech_Flipper_Left_Down_5.wav' -> 'future pinball/PUPVideos/FP_PE_HALLOWEEN_BBM/PuPSounds/mech_Flipper_Left_Down_5.wav'
2026-06-11 21:11:31,972 [Thread-1    ] [INFO ]  + add 'C:\vPinball\PinUPSystem\PUPVideos\FP_PE_HALLOWEEN_BBM\PuPSounds\mech_Flipper_Left_Down_6.wav' -> 'future pinball/PUPVideos/FP_PE_HALLOWEEN_BBM/PuPSounds/mech_Flipper_Left_Down_6.wav'
2026-06-11 21:11:31,980 [Thread-1    ] [INFO ]  + add 'C:\vPinball\PinUPSystem\PUPVideos\FP_PE_HALLOWEEN_BBM\PuPSounds\mech_Flipper_Left_Down_7.wav' -> 'future pinball/PUPVideos/FP_PE_HALLOWEEN_BBM/PuPSounds/mech_Flipper_Left_Down_7.wav'
2026-06-11 21:11:31,988 [Thread-1    ] [INFO ]  + add 'C:\vPinball\PinUPSystem\PUPVideos\FP_PE_HALLOWEEN_BBM\PuPSounds\mech_Flipper_R01.wav' -> 'future pinball/PUPVideos/FP_PE_HALLOWEEN_BBM/PuPSounds/mech_Flipper_R01.wav'
2026-06-11 21:11:31,996 [Thread-1    ] [INFO ]  + add 'C:\vPinball\PinUPSystem\PUPVideos\FP_PE_HALLOWEEN_BBM\PuPSounds\mech_Flipper_R02.wav' -> 'future pinball/PUPVideos/FP_PE_HALLOWEEN_BBM/PuPSounds/mech_Flipper_R02.wav'
2026-06-11 21:11:32,004 [Thread-1    ] [INFO ]  + add 'C:\vPinball\PinUPSystem\PUPVideos\FP_PE_HALLOWEEN_BBM\PuPSounds\mech_Flipper_R03.wav' -> 'future pinball/PUPVideos/FP_PE_HALLOWEEN_BBM/PuPSounds/mech_Flipper_R03.wav'
2026-06-11 21:11:32,012 [Thread-1    ] [INFO ]  + add 'C:\vPinball\PinUPSystem\PUPVideos\FP_PE_HALLOWEEN_BBM\PuPSounds\mech_Flipper_R04.wav' -> 'future pinball/PUPVideos/FP_PE_HALLOWEEN_BBM/PuPSounds/mech_Flipper_R04.wav'
2026-06-11 21:11:32,019 [Thread-1    ] [INFO ]  + add 'C:\vPinball\PinUPSystem\PUPVideos\FP_PE_HALLOWEEN_BBM\PuPSounds\mech_Flipper_R05.wav' -> 'future pinball/PUPVideos/FP_PE_HALLOWEEN_BBM/PuPSounds/mech_Flipper_R05.wav'
2026-06-11 21:11:32,028 [Thread-1    ] [INFO ]  + add 'C:\vPinball\PinUPSystem\PUPVideos\FP_PE_HALLOWEEN_BBM\PuPSounds\mech_Flipper_R06.wav' -> 'future pinball/PUPVideos/FP_PE_HALLOWEEN_BBM/PuPSounds/mech_Flipper_R06.wav'
2026-06-11 21:11:32,036 [Thread-1    ] [INFO ]  + add 'C:\vPinball\PinUPSystem\PUPVideos\FP_PE_HALLOWEEN_BBM\PuPSounds\mech_Flipper_R07.wav' -> 'future pinball/PUPVideos/FP_PE_HALLOWEEN_BBM/PuPSounds/mech_Flipper_R07.wav'
2026-06-11 21:11:32,044 [Thread-1    ] [INFO ]  + add 'C:\vPinball\PinUPSystem\PUPVideos\FP_PE_HALLOWEEN_BBM\PuPSounds\mech_Flipper_R08.wav' -> 'future pinball/PUPVideos/FP_PE_HALLOWEEN_BBM/PuPSounds/mech_Flipper_R08.wav'
2026-06-11 21:11:32,052 [Thread-1    ] [INFO ]  + add 'C:\vPinball\PinUPSystem\PUPVideos\FP_PE_HALLOWEEN_BBM\PuPSounds\mech_Flipper_R09.wav' -> 'future pinball/PUPVideos/FP_PE_HALLOWEEN_BBM/PuPSounds/mech_Flipper_R09.wav'
2026-06-11 21:11:32,060 [Thread-1    ] [INFO ]  + add 'C:\vPinball\PinUPSystem\PUPVideos\FP_PE_HALLOWEEN_BBM\PuPSounds\mech_Flipper_R10.wav' -> 'future pinball/PUPVideos/FP_PE_HALLOWEEN_BBM/PuPSounds/mech_Flipper_R10.wav'
2026-06-11 21:11:32,071 [Thread-1    ] [INFO ]  + add 'C:\vPinball\PinUPSystem\PUPVideos\FP_PE_HALLOWEEN_BBM\PuPSounds\mech_Flipper_R11.wav' -> 'future pinball/PUPVideos/FP_PE_HALLOWEEN_BBM/PuPSounds/mech_Flipper_R11.wav'
2026-06-11 21:11:32,080 [Thread-1    ] [INFO ]  + add 'C:\vPinball\PinUPSystem\PUPVideos\FP_PE_HALLOWEEN_BBM\PuPSounds\mech_Flipper_ReFlip_L01.wav' -> 'future pinball/PUPVideos/FP_PE_HALLOWEEN_BBM/PuPSounds/mech_Flipper_ReFlip_L01.wav'
2026-06-11 21:11:32,087 [Thread-1    ] [INFO ]  + add 'C:\vPinball\PinUPSystem\PUPVideos\FP_PE_HALLOWEEN_BBM\PuPSounds\mech_Flipper_ReFlip_L02.wav' -> 'future pinball/PUPVideos/FP_PE_HALLOWEEN_BBM/PuPSounds/mech_Flipper_ReFlip_L02.wav'
2026-06-11 21:11:32,095 [Thread-1    ] [INFO ]  + add 'C:\vPinball\PinUPSystem\PUPVideos\FP_PE_HALLOWEEN_BBM\PuPSounds\mech_Flipper_ReFlip_L03.wav' -> 'future pinball/PUPVideos/FP_PE_HALLOWEEN_BBM/PuPSounds/mech_Flipper_ReFlip_L03.wav'
2026-06-11 21:11:32,103 [Thread-1    ] [INFO ]  + add 'C:\vPinball\PinUPSystem\PUPVideos\FP_PE_HALLOWEEN_BBM\PuPSounds\mech_Flipper_ReFlip_R01.wav' -> 'future pinball/PUPVideos/FP_PE_HALLOWEEN_BBM/PuPSounds/mech_Flipper_ReFlip_R01.wav'
2026-06-11 21:11:32,110 [Thread-1    ] [INFO ]  + add 'C:\vPinball\PinUPSystem\PUPVideos\FP_PE_HALLOWEEN_BBM\PuPSounds\mech_Flipper_ReFlip_R02.wav' -> 'future pinball/PUPVideos/FP_PE_HALLOWEEN_BBM/PuPSounds/mech_Flipper_ReFlip_R02.wav'
2026-06-11 21:11:32,118 [Thread-1    ] [INFO ]  + add 'C:\vPinball\PinUPSystem\PUPVideos\FP_PE_HALLOWEEN_BBM\PuPSounds\mech_Flipper_ReFlip_R03.wav' -> 'future pinball/PUPVideos/FP_PE_HALLOWEEN_BBM/PuPSounds/mech_Flipper_ReFlip_R03.wav'
2026-06-11 21:11:32,128 [Thread-1    ] [INFO ]  + add 'C:\vPinball\PinUPSystem\PUPVideos\FP_PE_HALLOWEEN_BBM\PuPSounds\mech_Flipper_Right_Down_1.wav' -> 'future pinball/PUPVideos/FP_PE_HALLOWEEN_BBM/PuPSounds/mech_Flipper_Right_Down_1.wav'
2026-06-11 21:11:32,136 [Thread-1    ] [INFO ]  + add 'C:\vPinball\PinUPSystem\PUPVideos\FP_PE_HALLOWEEN_BBM\PuPSounds\mech_Flipper_Right_Down_2.wav' -> 'future pinball/PUPVideos/FP_PE_HALLOWEEN_BBM/PuPSounds/mech_Flipper_Right_Down_2.wav'
2026-06-11 21:11:32,144 [Thread-1    ] [INFO ]  + add 'C:\vPinball\PinUPSystem\PUPVideos\FP_PE_HALLOWEEN_BBM\PuPSounds\mech_Flipper_Right_Down_3.wav' -> 'future pinball/PUPVideos/FP_PE_HALLOWEEN_BBM/PuPSounds/mech_Flipper_Right_Down_3.wav'
2026-06-11 21:11:32,152 [Thread-1    ] [INFO ]  + add 'C:\vPinball\PinUPSystem\PUPVideos\FP_PE_HALLOWEEN_BBM\PuPSounds\mech_Flipper_Right_Down_4.wav' -> 'future pinball/PUPVideos/FP_PE_HALLOWEEN_BBM/PuPSounds/mech_Flipper_Right_Down_4.wav'
2026-06-11 21:11:32,161 [Thread-1    ] [INFO ]  + add 'C:\vPinball\PinUPSystem\PUPVideos\FP_PE_HALLOWEEN_BBM\PuPSounds\mech_Flipper_Right_Down_5.wav' -> 'future pinball/PUPVideos/FP_PE_HALLOWEEN_BBM/PuPSounds/mech_Flipper_Right_Down_5.wav'
2026-06-11 21:11:32,170 [Thread-1    ] [INFO ]  + add 'C:\vPinball\PinUPSystem\PUPVideos\FP_PE_HALLOWEEN_BBM\PuPSounds\mech_Flipper_Right_Down_6.wav' -> 'future pinball/PUPVideos/FP_PE_HALLOWEEN_BBM/PuPSounds/mech_Flipper_Right_Down_6.wav'
2026-06-11 21:11:32,178 [Thread-1    ] [INFO ]  + add 'C:\vPinball\PinUPSystem\PUPVideos\FP_PE_HALLOWEEN_BBM\PuPSounds\mech_Flipper_Right_Down_7.wav' -> 'future pinball/PUPVideos/FP_PE_HALLOWEEN_BBM/PuPSounds/mech_Flipper_Right_Down_7.wav'
2026-06-11 21:11:32,188 [Thread-1    ] [INFO ]  + add 'C:\vPinball\PinUPSystem\PUPVideos\FP_PE_HALLOWEEN_BBM\PuPSounds\mech_Flipper_Right_Down_8.wav' -> 'future pinball/PUPVideos/FP_PE_HALLOWEEN_BBM/PuPSounds/mech_Flipper_Right_Down_8.wav'
2026-06-11 21:11:32,196 [Thread-1    ] [INFO ]  + add 'C:\vPinball\PinUPSystem\PUPVideos\FP_PE_HALLOWEEN_BBM\PuPSounds\mech_Flipper_Rubber_1.wav' -> 'future pinball/PUPVideos/FP_PE_HALLOWEEN_BBM/PuPSounds/mech_Flipper_Rubber_1.wav'
2026-06-11 21:11:32,205 [Thread-1    ] [INFO ]  + add 'C:\vPinball\PinUPSystem\PUPVideos\FP_PE_HALLOWEEN_BBM\PuPSounds\mech_Flipper_Rubber_2.wav' -> 'future pinball/PUPVideos/FP_PE_HALLOWEEN_BBM/PuPSounds/mech_Flipper_Rubber_2.wav'
2026-06-11 21:11:32,217 [Thread-1    ] [INFO ]  + add 'C:\vPinball\PinUPSystem\PUPVideos\FP_PE_HALLOWEEN_BBM\PuPSounds\mech_Flipper_Rubber_3.wav' -> 'future pinball/PUPVideos/FP_PE_HALLOWEEN_BBM/PuPSounds/mech_Flipper_Rubber_3.wav'
2026-06-11 21:11:32,226 [Thread-1    ] [INFO ]  + add 'C:\vPinball\PinUPSystem\PUPVideos\FP_PE_HALLOWEEN_BBM\PuPSounds\mech_Flipper_Rubber_4.wav' -> 'future pinball/PUPVideos/FP_PE_HALLOWEEN_BBM/PuPSounds/mech_Flipper_Rubber_4.wav'
2026-06-11 21:11:32,235 [Thread-1    ] [INFO ]  + add 'C:\vPinball\PinUPSystem\PUPVideos\FP_PE_HALLOWEEN_BBM\PuPSounds\mech_Flipper_Rubber_5.wav' -> 'future pinball/PUPVideos/FP_PE_HALLOWEEN_BBM/PuPSounds/mech_Flipper_Rubber_5.wav'
2026-06-11 21:11:32,244 [Thread-1    ] [INFO ]  + add 'C:\vPinball\PinUPSystem\PUPVideos\FP_PE_HALLOWEEN_BBM\PuPSounds\mech_Flipper_Rubber_6.wav' -> 'future pinball/PUPVideos/FP_PE_HALLOWEEN_BBM/PuPSounds/mech_Flipper_Rubber_6.wav'
2026-06-11 21:11:32,254 [Thread-1    ] [INFO ]  + add 'C:\vPinball\PinUPSystem\PUPVideos\FP_PE_HALLOWEEN_BBM\PuPSounds\mech_Flipper_Rubber_7.wav' -> 'future pinball/PUPVideos/FP_PE_HALLOWEEN_BBM/PuPSounds/mech_Flipper_Rubber_7.wav'
2026-06-11 21:11:32,265 [Thread-1    ] [INFO ]  + add 'C:\vPinball\PinUPSystem\PUPVideos\FP_PE_HALLOWEEN_BBM\PuPSounds\mech_Gate_1.wav' -> 'future pinball/PUPVideos/FP_PE_HALLOWEEN_BBM/PuPSounds/mech_Gate_1.wav'
2026-06-11 21:11:32,280 [Thread-1    ] [INFO ]  + add 'C:\vPinball\PinUPSystem\PUPVideos\FP_PE_HALLOWEEN_BBM\PuPSounds\mech_Gate_2.wav' -> 'future pinball/PUPVideos/FP_PE_HALLOWEEN_BBM/PuPSounds/mech_Gate_2.wav'
2026-06-11 21:11:32,291 [Thread-1    ] [INFO ]  + add 'C:\vPinball\PinUPSystem\PUPVideos\FP_PE_HALLOWEEN_BBM\PuPSounds\mech_Gate_FastTrigger_1.wav' -> 'future pinball/PUPVideos/FP_PE_HALLOWEEN_BBM/PuPSounds/mech_Gate_FastTrigger_1.wav'
2026-06-11 21:11:32,298 [Thread-1    ] [INFO ]  + add 'C:\vPinball\PinUPSystem\PUPVideos\FP_PE_HALLOWEEN_BBM\PuPSounds\mech_Gate_FastTrigger_2.wav' -> 'future pinball/PUPVideos/FP_PE_HALLOWEEN_BBM/PuPSounds/mech_Gate_FastTrigger_2.wav'
2026-06-11 21:11:32,306 [Thread-1    ] [INFO ]  + add 'C:\vPinball\PinUPSystem\PUPVideos\FP_PE_HALLOWEEN_BBM\PuPSounds\mech_Knocker.wav' -> 'future pinball/PUPVideos/FP_PE_HALLOWEEN_BBM/PuPSounds/mech_Knocker.wav'
2026-06-11 21:11:32,316 [Thread-1    ] [INFO ]  + add 'C:\vPinball\PinUPSystem\PUPVideos\FP_PE_HALLOWEEN_BBM\PuPSounds\mech_Knocker_1.wav' -> 'future pinball/PUPVideos/FP_PE_HALLOWEEN_BBM/PuPSounds/mech_Knocker_1.wav'
2026-06-11 21:11:32,325 [Thread-1    ] [INFO ]  + add 'C:\vPinball\PinUPSystem\PUPVideos\FP_PE_HALLOWEEN_BBM\PuPSounds\mech_Metal_Touch_1.wav' -> 'future pinball/PUPVideos/FP_PE_HALLOWEEN_BBM/PuPSounds/mech_Metal_Touch_1.wav'
2026-06-11 21:11:32,333 [Thread-1    ] [INFO ]  + add 'C:\vPinball\PinUPSystem\PUPVideos\FP_PE_HALLOWEEN_BBM\PuPSounds\mech_Metal_Touch_10.wav' -> 'future pinball/PUPVideos/FP_PE_HALLOWEEN_BBM/PuPSounds/mech_Metal_Touch_10.wav'
2026-06-11 21:11:32,340 [Thread-1    ] [INFO ]  + add 'C:\vPinball\PinUPSystem\PUPVideos\FP_PE_HALLOWEEN_BBM\PuPSounds\mech_Metal_Touch_11.wav' -> 'future pinball/PUPVideos/FP_PE_HALLOWEEN_BBM/PuPSounds/mech_Metal_Touch_11.wav'
2026-06-11 21:11:32,348 [Thread-1    ] [INFO ]  + add 'C:\vPinball\PinUPSystem\PUPVideos\FP_PE_HALLOWEEN_BBM\PuPSounds\mech_Metal_Touch_12.wav' -> 'future pinball/PUPVideos/FP_PE_HALLOWEEN_BBM/PuPSounds/mech_Metal_Touch_12.wav'
2026-06-11 21:11:32,356 [Thread-1    ] [INFO ]  + add 'C:\vPinball\PinUPSystem\PUPVideos\FP_PE_HALLOWEEN_BBM\PuPSounds\mech_Metal_Touch_13.wav' -> 'future pinball/PUPVideos/FP_PE_HALLOWEEN_BBM/PuPSounds/mech_Metal_Touch_13.wav'
2026-06-11 21:11:32,364 [Thread-1    ] [INFO ]  + add 'C:\vPinball\PinUPSystem\PUPVideos\FP_PE_HALLOWEEN_BBM\PuPSounds\mech_Metal_Touch_2.wav' -> 'future pinball/PUPVideos/FP_PE_HALLOWEEN_BBM/PuPSounds/mech_Metal_Touch_2.wav'
2026-06-11 21:11:32,371 [Thread-1    ] [INFO ]  + add 'C:\vPinball\PinUPSystem\PUPVideos\FP_PE_HALLOWEEN_BBM\PuPSounds\mech_Metal_Touch_3.wav' -> 'future pinball/PUPVideos/FP_PE_HALLOWEEN_BBM/PuPSounds/mech_Metal_Touch_3.wav'
2026-06-11 21:11:32,379 [Thread-1    ] [INFO ]  + add 'C:\vPinball\PinUPSystem\PUPVideos\FP_PE_HALLOWEEN_BBM\PuPSounds\mech_Metal_Touch_4.wav' -> 'future pinball/PUPVideos/FP_PE_HALLOWEEN_BBM/PuPSounds/mech_Metal_Touch_4.wav'
2026-06-11 21:11:32,388 [Thread-1    ] [INFO ]  + add 'C:\vPinball\PinUPSystem\PUPVideos\FP_PE_HALLOWEEN_BBM\PuPSounds\mech_Metal_Touch_5.wav' -> 'future pinball/PUPVideos/FP_PE_HALLOWEEN_BBM/PuPSounds/mech_Metal_Touch_5.wav'
2026-06-11 21:11:32,395 [Thread-1    ] [INFO ]  + add 'C:\vPinball\PinUPSystem\PUPVideos\FP_PE_HALLOWEEN_BBM\PuPSounds\mech_Metal_Touch_6.wav' -> 'future pinball/PUPVideos/FP_PE_HALLOWEEN_BBM/PuPSounds/mech_Metal_Touch_6.wav'
2026-06-11 21:11:32,403 [Thread-1    ] [INFO ]  + add 'C:\vPinball\PinUPSystem\PUPVideos\FP_PE_HALLOWEEN_BBM\PuPSounds\mech_Metal_Touch_7.wav' -> 'future pinball/PUPVideos/FP_PE_HALLOWEEN_BBM/PuPSounds/mech_Metal_Touch_7.wav'
2026-06-11 21:11:32,411 [Thread-1    ] [INFO ]  + add 'C:\vPinball\PinUPSystem\PUPVideos\FP_PE_HALLOWEEN_BBM\PuPSounds\mech_Metal_Touch_8.wav' -> 'future pinball/PUPVideos/FP_PE_HALLOWEEN_BBM/PuPSounds/mech_Metal_Touch_8.wav'
2026-06-11 21:11:32,419 [Thread-1    ] [INFO ]  + add 'C:\vPinball\PinUPSystem\PUPVideos\FP_PE_HALLOWEEN_BBM\PuPSounds\mech_Metal_Touch_9.wav' -> 'future pinball/PUPVideos/FP_PE_HALLOWEEN_BBM/PuPSounds/mech_Metal_Touch_9.wav'
2026-06-11 21:11:32,427 [Thread-1    ] [INFO ]  + add 'C:\vPinball\PinUPSystem\PUPVideos\FP_PE_HALLOWEEN_BBM\PuPSounds\mech_Nudge_1.wav' -> 'future pinball/PUPVideos/FP_PE_HALLOWEEN_BBM/PuPSounds/mech_Nudge_1.wav'
2026-06-11 21:11:32,436 [Thread-1    ] [INFO ]  + add 'C:\vPinball\PinUPSystem\PUPVideos\FP_PE_HALLOWEEN_BBM\PuPSounds\mech_Nudge_2.wav' -> 'future pinball/PUPVideos/FP_PE_HALLOWEEN_BBM/PuPSounds/mech_Nudge_2.wav'
2026-06-11 21:11:32,444 [Thread-1    ] [INFO ]  + add 'C:\vPinball\PinUPSystem\PUPVideos\FP_PE_HALLOWEEN_BBM\PuPSounds\mech_Nudge_3.wav' -> 'future pinball/PUPVideos/FP_PE_HALLOWEEN_BBM/PuPSounds/mech_Nudge_3.wav'
2026-06-11 21:11:32,451 [Thread-1    ] [INFO ]  + add 'C:\vPinball\PinUPSystem\PUPVideos\FP_PE_HALLOWEEN_BBM\PuPSounds\mech_PlasticRamp.wav' -> 'future pinball/PUPVideos/FP_PE_HALLOWEEN_BBM/PuPSounds/mech_PlasticRamp.wav'
2026-06-11 21:11:32,459 [Thread-1    ] [INFO ]  + add 'C:\vPinball\PinUPSystem\PUPVideos\FP_PE_HALLOWEEN_BBM\PuPSounds\mech_Plastic_Hit_1.wav' -> 'future pinball/PUPVideos/FP_PE_HALLOWEEN_BBM/PuPSounds/mech_Plastic_Hit_1.wav'
2026-06-11 21:11:32,468 [Thread-1    ] [INFO ]  + add 'C:\vPinball\PinUPSystem\PUPVideos\FP_PE_HALLOWEEN_BBM\PuPSounds\mech_Plastic_Hit_2.wav' -> 'future pinball/PUPVideos/FP_PE_HALLOWEEN_BBM/PuPSounds/mech_Plastic_Hit_2.wav'
2026-06-11 21:11:32,475 [Thread-1    ] [INFO ]  + add 'C:\vPinball\PinUPSystem\PUPVideos\FP_PE_HALLOWEEN_BBM\PuPSounds\mech_Plastic_Hit_3.wav' -> 'future pinball/PUPVideos/FP_PE_HALLOWEEN_BBM/PuPSounds/mech_Plastic_Hit_3.wav'
2026-06-11 21:11:32,483 [Thread-1    ] [INFO ]  + add 'C:\vPinball\PinUPSystem\PUPVideos\FP_PE_HALLOWEEN_BBM\PuPSounds\mech_Plunger_Pull_1.wav' -> 'future pinball/PUPVideos/FP_PE_HALLOWEEN_BBM/PuPSounds/mech_Plunger_Pull_1.wav'
2026-06-11 21:11:32,492 [Thread-1    ] [INFO ]  + add 'C:\vPinball\PinUPSystem\PUPVideos\FP_PE_HALLOWEEN_BBM\PuPSounds\mech_Plunger_Release_Ball.wav' -> 'future pinball/PUPVideos/FP_PE_HALLOWEEN_BBM/PuPSounds/mech_Plunger_Release_Ball.wav'
2026-06-11 21:11:32,500 [Thread-1    ] [INFO ]  + add 'C:\vPinball\PinUPSystem\PUPVideos\FP_PE_HALLOWEEN_BBM\PuPSounds\mech_Plunger_Release_No_Ball.wav' -> 'future pinball/PUPVideos/FP_PE_HALLOWEEN_BBM/PuPSounds/mech_Plunger_Release_No_Ball.wav'
2026-06-11 21:11:32,508 [Thread-1    ] [INFO ]  + add 'C:\vPinball\PinUPSystem\PUPVideos\FP_PE_HALLOWEEN_BBM\PuPSounds\mech_RampLoop1.wav' -> 'future pinball/PUPVideos/FP_PE_HALLOWEEN_BBM/PuPSounds/mech_RampLoop1.wav'
2026-06-11 21:11:32,517 [Thread-1    ] [INFO ]  + add 'C:\vPinball\PinUPSystem\PUPVideos\FP_PE_HALLOWEEN_BBM\PuPSounds\mech_RampLoop2.wav' -> 'future pinball/PUPVideos/FP_PE_HALLOWEEN_BBM/PuPSounds/mech_RampLoop2.wav'
2026-06-11 21:11:32,526 [Thread-1    ] [INFO ]  + add 'C:\vPinball\PinUPSystem\PUPVideos\FP_PE_HALLOWEEN_BBM\PuPSounds\mech_RampLoop3.wav' -> 'future pinball/PUPVideos/FP_PE_HALLOWEEN_BBM/PuPSounds/mech_RampLoop3.wav'
2026-06-11 21:11:32,534 [Thread-1    ] [INFO ]  + add 'C:\vPinball\PinUPSystem\PUPVideos\FP_PE_HALLOWEEN_BBM\PuPSounds\mech_RampLoop4.wav' -> 'future pinball/PUPVideos/FP_PE_HALLOWEEN_BBM/PuPSounds/mech_RampLoop4.wav'
2026-06-11 21:11:32,543 [Thread-1    ] [INFO ]  + add 'C:\vPinball\PinUPSystem\PUPVideos\FP_PE_HALLOWEEN_BBM\PuPSounds\mech_RampLoop5.wav' -> 'future pinball/PUPVideos/FP_PE_HALLOWEEN_BBM/PuPSounds/mech_RampLoop5.wav'
2026-06-11 21:11:32,553 [Thread-1    ] [INFO ]  + add 'C:\vPinball\PinUPSystem\PUPVideos\FP_PE_HALLOWEEN_BBM\PuPSounds\mech_RampLoop6.wav' -> 'future pinball/PUPVideos/FP_PE_HALLOWEEN_BBM/PuPSounds/mech_RampLoop6.wav'
2026-06-11 21:11:32,562 [Thread-1    ] [INFO ]  + add 'C:\vPinball\PinUPSystem\PUPVideos\FP_PE_HALLOWEEN_BBM\PuPSounds\mech_RampStart.wav' -> 'future pinball/PUPVideos/FP_PE_HALLOWEEN_BBM/PuPSounds/mech_RampStart.wav'
2026-06-11 21:11:32,572 [Thread-1    ] [INFO ]  + add 'C:\vPinball\PinUPSystem\PUPVideos\FP_PE_HALLOWEEN_BBM\PuPSounds\mech_Rollover_1.wav' -> 'future pinball/PUPVideos/FP_PE_HALLOWEEN_BBM/PuPSounds/mech_Rollover_1.wav'
2026-06-11 21:11:32,580 [Thread-1    ] [INFO ]  + add 'C:\vPinball\PinUPSystem\PUPVideos\FP_PE_HALLOWEEN_BBM\PuPSounds\mech_Rollover_2.wav' -> 'future pinball/PUPVideos/FP_PE_HALLOWEEN_BBM/PuPSounds/mech_Rollover_2.wav'
2026-06-11 21:11:32,588 [Thread-1    ] [INFO ]  + add 'C:\vPinball\PinUPSystem\PUPVideos\FP_PE_HALLOWEEN_BBM\PuPSounds\mech_Rollover_3.wav' -> 'future pinball/PUPVideos/FP_PE_HALLOWEEN_BBM/PuPSounds/mech_Rollover_3.wav'
2026-06-11 21:11:32,596 [Thread-1    ] [INFO ]  + add 'C:\vPinball\PinUPSystem\PUPVideos\FP_PE_HALLOWEEN_BBM\PuPSounds\mech_Rollover_4.wav' -> 'future pinball/PUPVideos/FP_PE_HALLOWEEN_BBM/PuPSounds/mech_Rollover_4.wav'
2026-06-11 21:11:32,604 [Thread-1    ] [INFO ]  + add 'C:\vPinball\PinUPSystem\PUPVideos\FP_PE_HALLOWEEN_BBM\PuPSounds\mech_Rubber_1.wav' -> 'future pinball/PUPVideos/FP_PE_HALLOWEEN_BBM/PuPSounds/mech_Rubber_1.wav'
2026-06-11 21:11:32,616 [Thread-1    ] [INFO ]  + add 'C:\vPinball\PinUPSystem\PUPVideos\FP_PE_HALLOWEEN_BBM\PuPSounds\mech_Rubber_1_Hard.wav' -> 'future pinball/PUPVideos/FP_PE_HALLOWEEN_BBM/PuPSounds/mech_Rubber_1_Hard.wav'
2026-06-11 21:11:32,623 [Thread-1    ] [INFO ]  + add 'C:\vPinball\PinUPSystem\PUPVideos\FP_PE_HALLOWEEN_BBM\PuPSounds\mech_Rubber_2.wav' -> 'future pinball/PUPVideos/FP_PE_HALLOWEEN_BBM/PuPSounds/mech_Rubber_2.wav'
2026-06-11 21:11:32,631 [Thread-1    ] [INFO ]  + add 'C:\vPinball\PinUPSystem\PUPVideos\FP_PE_HALLOWEEN_BBM\PuPSounds\mech_Rubber_3.wav' -> 'future pinball/PUPVideos/FP_PE_HALLOWEEN_BBM/PuPSounds/mech_Rubber_3.wav'
2026-06-11 21:11:32,638 [Thread-1    ] [INFO ]  + add 'C:\vPinball\PinUPSystem\PUPVideos\FP_PE_HALLOWEEN_BBM\PuPSounds\mech_Rubber_4.wav' -> 'future pinball/PUPVideos/FP_PE_HALLOWEEN_BBM/PuPSounds/mech_Rubber_4.wav'
2026-06-11 21:11:32,646 [Thread-1    ] [INFO ]  + add 'C:\vPinball\PinUPSystem\PUPVideos\FP_PE_HALLOWEEN_BBM\PuPSounds\mech_Rubber_5.wav' -> 'future pinball/PUPVideos/FP_PE_HALLOWEEN_BBM/PuPSounds/mech_Rubber_5.wav'
2026-06-11 21:11:32,654 [Thread-1    ] [INFO ]  + add 'C:\vPinball\PinUPSystem\PUPVideos\FP_PE_HALLOWEEN_BBM\PuPSounds\mech_Rubber_6.wav' -> 'future pinball/PUPVideos/FP_PE_HALLOWEEN_BBM/PuPSounds/mech_Rubber_6.wav'
2026-06-11 21:11:32,663 [Thread-1    ] [INFO ]  + add 'C:\vPinball\PinUPSystem\PUPVideos\FP_PE_HALLOWEEN_BBM\PuPSounds\mech_Rubber_7.wav' -> 'future pinball/PUPVideos/FP_PE_HALLOWEEN_BBM/PuPSounds/mech_Rubber_7.wav'
2026-06-11 21:11:32,671 [Thread-1    ] [INFO ]  + add 'C:\vPinball\PinUPSystem\PUPVideos\FP_PE_HALLOWEEN_BBM\PuPSounds\mech_Rubber_8.wav' -> 'future pinball/PUPVideos/FP_PE_HALLOWEEN_BBM/PuPSounds/mech_Rubber_8.wav'
2026-06-11 21:11:32,678 [Thread-1    ] [INFO ]  + add 'C:\vPinball\PinUPSystem\PUPVideos\FP_PE_HALLOWEEN_BBM\PuPSounds\mech_Rubber_9.wav' -> 'future pinball/PUPVideos/FP_PE_HALLOWEEN_BBM/PuPSounds/mech_Rubber_9.wav'
2026-06-11 21:11:32,686 [Thread-1    ] [INFO ]  + add 'C:\vPinball\PinUPSystem\PUPVideos\FP_PE_HALLOWEEN_BBM\PuPSounds\mech_Rubber_Strong_1.wav' -> 'future pinball/PUPVideos/FP_PE_HALLOWEEN_BBM/PuPSounds/mech_Rubber_Strong_1.wav'
2026-06-11 21:11:32,695 [Thread-1    ] [INFO ]  + add 'C:\vPinball\PinUPSystem\PUPVideos\FP_PE_HALLOWEEN_BBM\PuPSounds\mech_Rubber_Strong_2.wav' -> 'future pinball/PUPVideos/FP_PE_HALLOWEEN_BBM/PuPSounds/mech_Rubber_Strong_2.wav'
2026-06-11 21:11:32,704 [Thread-1    ] [INFO ]  + add 'C:\vPinball\PinUPSystem\PUPVideos\FP_PE_HALLOWEEN_BBM\PuPSounds\mech_Rubber_Strong_3.wav' -> 'future pinball/PUPVideos/FP_PE_HALLOWEEN_BBM/PuPSounds/mech_Rubber_Strong_3.wav'
2026-06-11 21:11:32,712 [Thread-1    ] [INFO ]  + add 'C:\vPinball\PinUPSystem\PUPVideos\FP_PE_HALLOWEEN_BBM\PuPSounds\mech_Rubber_Strong_4.wav' -> 'future pinball/PUPVideos/FP_PE_HALLOWEEN_BBM/PuPSounds/mech_Rubber_Strong_4.wav'
2026-06-11 21:11:32,721 [Thread-1    ] [INFO ]  + add 'C:\vPinball\PinUPSystem\PUPVideos\FP_PE_HALLOWEEN_BBM\PuPSounds\mech_Rubber_Strong_5.wav' -> 'future pinball/PUPVideos/FP_PE_HALLOWEEN_BBM/PuPSounds/mech_Rubber_Strong_5.wav'
2026-06-11 21:11:32,731 [Thread-1    ] [INFO ]  + add 'C:\vPinball\PinUPSystem\PUPVideos\FP_PE_HALLOWEEN_BBM\PuPSounds\mech_Rubber_Strong_6.wav' -> 'future pinball/PUPVideos/FP_PE_HALLOWEEN_BBM/PuPSounds/mech_Rubber_Strong_6.wav'
2026-06-11 21:11:32,739 [Thread-1    ] [INFO ]  + add 'C:\vPinball\PinUPSystem\PUPVideos\FP_PE_HALLOWEEN_BBM\PuPSounds\mech_Rubber_Strong_7.wav' -> 'future pinball/PUPVideos/FP_PE_HALLOWEEN_BBM/PuPSounds/mech_Rubber_Strong_7.wav'
2026-06-11 21:11:32,748 [Thread-1    ] [INFO ]  + add 'C:\vPinball\PinUPSystem\PUPVideos\FP_PE_HALLOWEEN_BBM\PuPSounds\mech_Rubber_Strong_8.wav' -> 'future pinball/PUPVideos/FP_PE_HALLOWEEN_BBM/PuPSounds/mech_Rubber_Strong_8.wav'
2026-06-11 21:11:32,756 [Thread-1    ] [INFO ]  + add 'C:\vPinball\PinUPSystem\PUPVideos\FP_PE_HALLOWEEN_BBM\PuPSounds\mech_Rubber_Strong_9.wav' -> 'future pinball/PUPVideos/FP_PE_HALLOWEEN_BBM/PuPSounds/mech_Rubber_Strong_9.wav'
2026-06-11 21:11:32,764 [Thread-1    ] [INFO ]  + add 'C:\vPinball\PinUPSystem\PUPVideos\FP_PE_HALLOWEEN_BBM\PuPSounds\mech_Saucer_Empty.wav' -> 'future pinball/PUPVideos/FP_PE_HALLOWEEN_BBM/PuPSounds/mech_Saucer_Empty.wav'
2026-06-11 21:11:32,773 [Thread-1    ] [INFO ]  + add 'C:\vPinball\PinUPSystem\PUPVideos\FP_PE_HALLOWEEN_BBM\PuPSounds\mech_Saucer_Enter_1.wav' -> 'future pinball/PUPVideos/FP_PE_HALLOWEEN_BBM/PuPSounds/mech_Saucer_Enter_1.wav'
2026-06-11 21:11:32,781 [Thread-1    ] [INFO ]  + add 'C:\vPinball\PinUPSystem\PUPVideos\FP_PE_HALLOWEEN_BBM\PuPSounds\mech_Saucer_Enter_2.wav' -> 'future pinball/PUPVideos/FP_PE_HALLOWEEN_BBM/PuPSounds/mech_Saucer_Enter_2.wav'
2026-06-11 21:11:32,790 [Thread-1    ] [INFO ]  + add 'C:\vPinball\PinUPSystem\PUPVideos\FP_PE_HALLOWEEN_BBM\PuPSounds\mech_Saucer_Kick.wav' -> 'future pinball/PUPVideos/FP_PE_HALLOWEEN_BBM/PuPSounds/mech_Saucer_Kick.wav'
2026-06-11 21:11:32,799 [Thread-1    ] [INFO ]  + add 'C:\vPinball\PinUPSystem\PUPVideos\FP_PE_HALLOWEEN_BBM\PuPSounds\mech_Sling_L1.wav' -> 'future pinball/PUPVideos/FP_PE_HALLOWEEN_BBM/PuPSounds/mech_Sling_L1.wav'
2026-06-11 21:11:32,807 [Thread-1    ] [INFO ]  + add 'C:\vPinball\PinUPSystem\PUPVideos\FP_PE_HALLOWEEN_BBM\PuPSounds\mech_Sling_L10.wav' -> 'future pinball/PUPVideos/FP_PE_HALLOWEEN_BBM/PuPSounds/mech_Sling_L10.wav'
2026-06-11 21:11:32,816 [Thread-1    ] [INFO ]  + add 'C:\vPinball\PinUPSystem\PUPVideos\FP_PE_HALLOWEEN_BBM\PuPSounds\mech_Sling_L2.wav' -> 'future pinball/PUPVideos/FP_PE_HALLOWEEN_BBM/PuPSounds/mech_Sling_L2.wav'
2026-06-11 21:11:32,824 [Thread-1    ] [INFO ]  + add 'C:\vPinball\PinUPSystem\PUPVideos\FP_PE_HALLOWEEN_BBM\PuPSounds\mech_Sling_L3.wav' -> 'future pinball/PUPVideos/FP_PE_HALLOWEEN_BBM/PuPSounds/mech_Sling_L3.wav'
2026-06-11 21:11:32,833 [Thread-1    ] [INFO ]  + add 'C:\vPinball\PinUPSystem\PUPVideos\FP_PE_HALLOWEEN_BBM\PuPSounds\mech_Sling_L4.wav' -> 'future pinball/PUPVideos/FP_PE_HALLOWEEN_BBM/PuPSounds/mech_Sling_L4.wav'
2026-06-11 21:11:32,840 [Thread-1    ] [INFO ]  + add 'C:\vPinball\PinUPSystem\PUPVideos\FP_PE_HALLOWEEN_BBM\PuPSounds\mech_Sling_L5.wav' -> 'future pinball/PUPVideos/FP_PE_HALLOWEEN_BBM/PuPSounds/mech_Sling_L5.wav'
2026-06-11 21:11:32,848 [Thread-1    ] [INFO ]  + add 'C:\vPinball\PinUPSystem\PUPVideos\FP_PE_HALLOWEEN_BBM\PuPSounds\mech_Sling_L6.wav' -> 'future pinball/PUPVideos/FP_PE_HALLOWEEN_BBM/PuPSounds/mech_Sling_L6.wav'
2026-06-11 21:11:32,857 [Thread-1    ] [INFO ]  + add 'C:\vPinball\PinUPSystem\PUPVideos\FP_PE_HALLOWEEN_BBM\PuPSounds\mech_Sling_L7.wav' -> 'future pinball/PUPVideos/FP_PE_HALLOWEEN_BBM/PuPSounds/mech_Sling_L7.wav'
2026-06-11 21:11:32,865 [Thread-1    ] [INFO ]  + add 'C:\vPinball\PinUPSystem\PUPVideos\FP_PE_HALLOWEEN_BBM\PuPSounds\mech_Sling_L8.wav' -> 'future pinball/PUPVideos/FP_PE_HALLOWEEN_BBM/PuPSounds/mech_Sling_L8.wav'
2026-06-11 21:11:32,874 [Thread-1    ] [INFO ]  + add 'C:\vPinball\PinUPSystem\PUPVideos\FP_PE_HALLOWEEN_BBM\PuPSounds\mech_Sling_L9.wav' -> 'future pinball/PUPVideos/FP_PE_HALLOWEEN_BBM/PuPSounds/mech_Sling_L9.wav'
2026-06-11 21:11:32,881 [Thread-1    ] [INFO ]  + add 'C:\vPinball\PinUPSystem\PUPVideos\FP_PE_HALLOWEEN_BBM\PuPSounds\mech_Sling_R1.wav' -> 'future pinball/PUPVideos/FP_PE_HALLOWEEN_BBM/PuPSounds/mech_Sling_R1.wav'
2026-06-11 21:11:32,890 [Thread-1    ] [INFO ]  + add 'C:\vPinball\PinUPSystem\PUPVideos\FP_PE_HALLOWEEN_BBM\PuPSounds\mech_Sling_R2.wav' -> 'future pinball/PUPVideos/FP_PE_HALLOWEEN_BBM/PuPSounds/mech_Sling_R2.wav'
2026-06-11 21:11:32,897 [Thread-1    ] [INFO ]  + add 'C:\vPinball\PinUPSystem\PUPVideos\FP_PE_HALLOWEEN_BBM\PuPSounds\mech_Sling_R3.wav' -> 'future pinball/PUPVideos/FP_PE_HALLOWEEN_BBM/PuPSounds/mech_Sling_R3.wav'
2026-06-11 21:11:32,905 [Thread-1    ] [INFO ]  + add 'C:\vPinball\PinUPSystem\PUPVideos\FP_PE_HALLOWEEN_BBM\PuPSounds\mech_Sling_R4.wav' -> 'future pinball/PUPVideos/FP_PE_HALLOWEEN_BBM/PuPSounds/mech_Sling_R4.wav'
2026-06-11 21:11:32,914 [Thread-1    ] [INFO ]  + add 'C:\vPinball\PinUPSystem\PUPVideos\FP_PE_HALLOWEEN_BBM\PuPSounds\mech_Sling_R5.wav' -> 'future pinball/PUPVideos/FP_PE_HALLOWEEN_BBM/PuPSounds/mech_Sling_R5.wav'
2026-06-11 21:11:32,922 [Thread-1    ] [INFO ]  + add 'C:\vPinball\PinUPSystem\PUPVideos\FP_PE_HALLOWEEN_BBM\PuPSounds\mech_Sling_R6.wav' -> 'future pinball/PUPVideos/FP_PE_HALLOWEEN_BBM/PuPSounds/mech_Sling_R6.wav'
2026-06-11 21:11:32,931 [Thread-1    ] [INFO ]  + add 'C:\vPinball\PinUPSystem\PUPVideos\FP_PE_HALLOWEEN_BBM\PuPSounds\mech_Sling_R7.wav' -> 'future pinball/PUPVideos/FP_PE_HALLOWEEN_BBM/PuPSounds/mech_Sling_R7.wav'
2026-06-11 21:11:32,941 [Thread-1    ] [INFO ]  + add 'C:\vPinball\PinUPSystem\PUPVideos\FP_PE_HALLOWEEN_BBM\PuPSounds\mech_Sling_R8.wav' -> 'future pinball/PUPVideos/FP_PE_HALLOWEEN_BBM/PuPSounds/mech_Sling_R8.wav'
2026-06-11 21:11:32,950 [Thread-1    ] [INFO ]  + add 'C:\vPinball\PinUPSystem\PUPVideos\FP_PE_HALLOWEEN_BBM\PuPSounds\mech_Spinner.wav' -> 'future pinball/PUPVideos/FP_PE_HALLOWEEN_BBM/PuPSounds/mech_Spinner.wav'
2026-06-11 21:11:32,957 [Thread-1    ] [INFO ]  + add 'C:\vPinball\PinUPSystem\PUPVideos\FP_PE_HALLOWEEN_BBM\PuPSounds\mech_Start_Button.wav' -> 'future pinball/PUPVideos/FP_PE_HALLOWEEN_BBM/PuPSounds/mech_Start_Button.wav'
2026-06-11 21:11:32,966 [Thread-1    ] [INFO ]  + add 'C:\vPinball\PinUPSystem\PUPVideos\FP_PE_HALLOWEEN_BBM\PuPSounds\mech_Target_Hit_1.wav' -> 'future pinball/PUPVideos/FP_PE_HALLOWEEN_BBM/PuPSounds/mech_Target_Hit_1.wav'
2026-06-11 21:11:32,972 [Thread-1    ] [INFO ]  + add 'C:\vPinball\PinUPSystem\PUPVideos\FP_PE_HALLOWEEN_BBM\PuPSounds\mech_Target_Hit_2.wav' -> 'future pinball/PUPVideos/FP_PE_HALLOWEEN_BBM/PuPSounds/mech_Target_Hit_2.wav'
2026-06-11 21:11:32,981 [Thread-1    ] [INFO ]  + add 'C:\vPinball\PinUPSystem\PUPVideos\FP_PE_HALLOWEEN_BBM\PuPSounds\mech_Target_Hit_3.wav' -> 'future pinball/PUPVideos/FP_PE_HALLOWEEN_BBM/PuPSounds/mech_Target_Hit_3.wav'
2026-06-11 21:11:32,989 [Thread-1    ] [INFO ]  + add 'C:\vPinball\PinUPSystem\PUPVideos\FP_PE_HALLOWEEN_BBM\PuPSounds\mech_Target_Hit_4.wav' -> 'future pinball/PUPVideos/FP_PE_HALLOWEEN_BBM/PuPSounds/mech_Target_Hit_4.wav'
2026-06-11 21:11:32,997 [Thread-1    ] [INFO ]  + add 'C:\vPinball\PinUPSystem\PUPVideos\FP_PE_HALLOWEEN_BBM\PuPSounds\mech_Target_Hit_5.wav' -> 'future pinball/PUPVideos/FP_PE_HALLOWEEN_BBM/PuPSounds/mech_Target_Hit_5.wav'
2026-06-11 21:11:33,005 [Thread-1    ] [INFO ]  + add 'C:\vPinball\PinUPSystem\PUPVideos\FP_PE_HALLOWEEN_BBM\PuPSounds\mech_Target_Hit_6.wav' -> 'future pinball/PUPVideos/FP_PE_HALLOWEEN_BBM/PuPSounds/mech_Target_Hit_6.wav'
2026-06-11 21:11:33,012 [Thread-1    ] [INFO ]  + add 'C:\vPinball\PinUPSystem\PUPVideos\FP_PE_HALLOWEEN_BBM\PuPSounds\mech_Target_Hit_7.wav' -> 'future pinball/PUPVideos/FP_PE_HALLOWEEN_BBM/PuPSounds/mech_Target_Hit_7.wav'
2026-06-11 21:11:33,020 [Thread-1    ] [INFO ]  + add 'C:\vPinball\PinUPSystem\PUPVideos\FP_PE_HALLOWEEN_BBM\PuPSounds\mech_Target_Hit_8.wav' -> 'future pinball/PUPVideos/FP_PE_HALLOWEEN_BBM/PuPSounds/mech_Target_Hit_8.wav'
2026-06-11 21:11:33,028 [Thread-1    ] [INFO ]  + add 'C:\vPinball\PinUPSystem\PUPVideos\FP_PE_HALLOWEEN_BBM\PuPSounds\mech_Target_Hit_9.wav' -> 'future pinball/PUPVideos/FP_PE_HALLOWEEN_BBM/PuPSounds/mech_Target_Hit_9.wav'
2026-06-11 21:11:33,035 [Thread-1    ] [INFO ]  + add 'C:\vPinball\PinUPSystem\PUPVideos\FP_PE_HALLOWEEN_BBM\PuPSounds\mech_Wall_Hit_1.wav' -> 'future pinball/PUPVideos/FP_PE_HALLOWEEN_BBM/PuPSounds/mech_Wall_Hit_1.wav'
2026-06-11 21:11:33,047 [Thread-1    ] [INFO ]  + add 'C:\vPinball\PinUPSystem\PUPVideos\FP_PE_HALLOWEEN_BBM\PuPSounds\mech_Wall_Hit_2.wav' -> 'future pinball/PUPVideos/FP_PE_HALLOWEEN_BBM/PuPSounds/mech_Wall_Hit_2.wav'
2026-06-11 21:11:33,054 [Thread-1    ] [INFO ]  + add 'C:\vPinball\PinUPSystem\PUPVideos\FP_PE_HALLOWEEN_BBM\PuPSounds\mech_Wall_Hit_3.wav' -> 'future pinball/PUPVideos/FP_PE_HALLOWEEN_BBM/PuPSounds/mech_Wall_Hit_3.wav'
2026-06-11 21:11:33,062 [Thread-1    ] [INFO ]  + add 'C:\vPinball\PinUPSystem\PUPVideos\FP_PE_HALLOWEEN_BBM\PuPSounds\mech_Wall_Hit_4.wav' -> 'future pinball/PUPVideos/FP_PE_HALLOWEEN_BBM/PuPSounds/mech_Wall_Hit_4.wav'
2026-06-11 21:11:33,069 [Thread-1    ] [INFO ]  + add 'C:\vPinball\PinUPSystem\PUPVideos\FP_PE_HALLOWEEN_BBM\PuPSounds\mech_Wall_Hit_5.wav' -> 'future pinball/PUPVideos/FP_PE_HALLOWEEN_BBM/PuPSounds/mech_Wall_Hit_5.wav'
2026-06-11 21:11:33,077 [Thread-1    ] [INFO ]  + add 'C:\vPinball\PinUPSystem\PUPVideos\FP_PE_HALLOWEEN_BBM\PuPSounds\mech_Wall_Hit_6.wav' -> 'future pinball/PUPVideos/FP_PE_HALLOWEEN_BBM/PuPSounds/mech_Wall_Hit_6.wav'
2026-06-11 21:11:33,084 [Thread-1    ] [INFO ]  + add 'C:\vPinball\PinUPSystem\PUPVideos\FP_PE_HALLOWEEN_BBM\PuPSounds\mech_Wall_Hit_7.wav' -> 'future pinball/PUPVideos/FP_PE_HALLOWEEN_BBM/PuPSounds/mech_Wall_Hit_7.wav'
2026-06-11 21:11:33,093 [Thread-1    ] [INFO ]  + add 'C:\vPinball\PinUPSystem\PUPVideos\FP_PE_HALLOWEEN_BBM\PuPSounds\mech_Wall_Hit_8.wav' -> 'future pinball/PUPVideos/FP_PE_HALLOWEEN_BBM/PuPSounds/mech_Wall_Hit_8.wav'
2026-06-11 21:11:33,101 [Thread-1    ] [INFO ]  + add 'C:\vPinball\PinUPSystem\PUPVideos\FP_PE_HALLOWEEN_BBM\PuPSounds\mech_Wall_Hit_9.wav' -> 'future pinball/PUPVideos/FP_PE_HALLOWEEN_BBM/PuPSounds/mech_Wall_Hit_9.wav'
2026-06-11 21:11:33,109 [Thread-1    ] [INFO ]  + add 'C:\vPinball\PinUPSystem\PUPVideos\FP_PE_HALLOWEEN_BBM\PuPSounds\mech_WireLoop1.wav' -> 'future pinball/PUPVideos/FP_PE_HALLOWEEN_BBM/PuPSounds/mech_WireLoop1.wav'
2026-06-11 21:11:33,117 [Thread-1    ] [INFO ]  + add 'C:\vPinball\PinUPSystem\PUPVideos\FP_PE_HALLOWEEN_BBM\PuPSounds\mech_WireLoop2.wav' -> 'future pinball/PUPVideos/FP_PE_HALLOWEEN_BBM/PuPSounds/mech_WireLoop2.wav'
2026-06-11 21:11:33,125 [Thread-1    ] [INFO ]  + add 'C:\vPinball\PinUPSystem\PUPVideos\FP_PE_HALLOWEEN_BBM\PuPSounds\mech_WireLoop3.wav' -> 'future pinball/PUPVideos/FP_PE_HALLOWEEN_BBM/PuPSounds/mech_WireLoop3.wav'
2026-06-11 21:11:33,133 [Thread-1    ] [INFO ]  + add 'C:\vPinball\PinUPSystem\PUPVideos\FP_PE_HALLOWEEN_BBM\PuPSounds\mech_WireLoop4.wav' -> 'future pinball/PUPVideos/FP_PE_HALLOWEEN_BBM/PuPSounds/mech_WireLoop4.wav'
2026-06-11 21:11:33,141 [Thread-1    ] [INFO ]  + add 'C:\vPinball\PinUPSystem\PUPVideos\FP_PE_HALLOWEEN_BBM\PuPSounds\mech_WireLoop5.wav' -> 'future pinball/PUPVideos/FP_PE_HALLOWEEN_BBM/PuPSounds/mech_WireLoop5.wav'
2026-06-11 21:11:33,150 [Thread-1    ] [INFO ]  + add 'C:\vPinball\PinUPSystem\PUPVideos\FP_PE_HALLOWEEN_BBM\PuPSounds\mech_WireLoop6.wav' -> 'future pinball/PUPVideos/FP_PE_HALLOWEEN_BBM/PuPSounds/mech_WireLoop6.wav'
2026-06-11 21:11:33,162 [Thread-1    ] [INFO ]  + add 'C:\vPinball\PinUPSystem\PUPVideos\FP_PE_HALLOWEEN_BBM\PuPSounds\mech_wireramp_no hit.wav' -> 'future pinball/PUPVideos/FP_PE_HALLOWEEN_BBM/PuPSounds/mech_wireramp_no hit.wav'
2026-06-11 21:11:33,170 [Thread-1    ] [INFO ]  + add 'C:\vPinball\PinUPSystem\PUPVideos\FP_PE_HALLOWEEN_BBM\PuPSounds\mech_WireRamp_Stop.wav' -> 'future pinball/PUPVideos/FP_PE_HALLOWEEN_BBM/PuPSounds/mech_WireRamp_Stop.wav'
2026-06-11 21:11:33,178 [Thread-1    ] [INFO ]  + add 'C:\vPinball\PinUPSystem\PUPVideos\FP_PE_HALLOWEEN_BBM\PuPSounds\mech_WireRamp_Stop2.wav' -> 'future pinball/PUPVideos/FP_PE_HALLOWEEN_BBM/PuPSounds/mech_WireRamp_Stop2.wav'
2026-06-11 21:11:33,185 [Thread-1    ] [INFO ]  + add 'C:\vPinball\PinUPSystem\PUPVideos\FP_PE_HALLOWEEN_BBM\PuPSounds\mech_WireRamp_Stop3.wav' -> 'future pinball/PUPVideos/FP_PE_HALLOWEEN_BBM/PuPSounds/mech_WireRamp_Stop3.wav'
2026-06-11 21:11:33,193 [Thread-1    ] [INFO ]  + add 'C:\vPinball\PinUPSystem\PUPVideos\FP_PE_HALLOWEEN_BBM\PuPSounds\sh_metal_hit1.wav' -> 'future pinball/PUPVideos/FP_PE_HALLOWEEN_BBM/PuPSounds/sh_metal_hit1.wav'
2026-06-11 21:11:33,202 [Thread-1    ] [INFO ]  + add 'C:\vPinball\PinUPSystem\PUPVideos\FP_PE_HALLOWEEN_BBM\PuPSounds\sh_metal_hit2.wav' -> 'future pinball/PUPVideos/FP_PE_HALLOWEEN_BBM/PuPSounds/sh_metal_hit2.wav'
2026-06-11 21:11:33,211 [Thread-1    ] [INFO ]  + add 'C:\vPinball\PinUPSystem\PUPVideos\FP_PE_HALLOWEEN_BBM\PuPSounds\sh_metal_hit3.wav' -> 'future pinball/PUPVideos/FP_PE_HALLOWEEN_BBM/PuPSounds/sh_metal_hit3.wav'
2026-06-11 21:11:33,220 [Thread-1    ] [INFO ]  + add 'C:\vPinball\PinUPSystem\PUPVideos\FP_PE_HALLOWEEN_BBM\PuPSounds\sh_monster_breathe1.wav' -> 'future pinball/PUPVideos/FP_PE_HALLOWEEN_BBM/PuPSounds/sh_monster_breathe1.wav'
2026-06-11 21:11:33,231 [Thread-1    ] [INFO ]  + add 'C:\vPinball\PinUPSystem\PUPVideos\FP_PE_HALLOWEEN_BBM\PuPSounds\sh_monster_dog_howl.wav' -> 'future pinball/PUPVideos/FP_PE_HALLOWEEN_BBM/PuPSounds/sh_monster_dog_howl.wav'
2026-06-11 21:11:33,242 [Thread-1    ] [INFO ]  + add 'C:\vPinball\PinUPSystem\PUPVideos\FP_PE_HALLOWEEN_BBM\PuPSounds\sh_monster_growl1.wav' -> 'future pinball/PUPVideos/FP_PE_HALLOWEEN_BBM/PuPSounds/sh_monster_growl1.wav'
2026-06-11 21:11:33,252 [Thread-1    ] [INFO ]  + add 'C:\vPinball\PinUPSystem\PUPVideos\FP_PE_HALLOWEEN_BBM\PuPSounds\sh_monster_growl2.wav' -> 'future pinball/PUPVideos/FP_PE_HALLOWEEN_BBM/PuPSounds/sh_monster_growl2.wav'
2026-06-11 21:11:33,262 [Thread-1    ] [INFO ]  + add 'C:\vPinball\PinUPSystem\PUPVideos\FP_PE_HALLOWEEN_BBM\PuPSounds\sh_monster_growl3.wav' -> 'future pinball/PUPVideos/FP_PE_HALLOWEEN_BBM/PuPSounds/sh_monster_growl3.wav'
2026-06-11 21:11:33,273 [Thread-1    ] [INFO ]  + add 'C:\vPinball\PinUPSystem\PUPVideos\FP_PE_HALLOWEEN_BBM\PuPSounds\sh_monster_growl4.wav' -> 'future pinball/PUPVideos/FP_PE_HALLOWEEN_BBM/PuPSounds/sh_monster_growl4.wav'
2026-06-11 21:11:33,284 [Thread-1    ] [INFO ]  + add 'C:\vPinball\PinUPSystem\PUPVideos\FP_PE_HALLOWEEN_BBM\PuPSounds\sh_monster_growl5.wav' -> 'future pinball/PUPVideos/FP_PE_HALLOWEEN_BBM/PuPSounds/sh_monster_growl5.wav'
2026-06-11 21:11:33,292 [Thread-1    ] [INFO ]  + add 'C:\vPinball\PinUPSystem\PUPVideos\FP_PE_HALLOWEEN_BBM\PuPSounds\sh_monster_growl6.wav' -> 'future pinball/PUPVideos/FP_PE_HALLOWEEN_BBM/PuPSounds/sh_monster_growl6.wav'
2026-06-11 21:11:33,301 [Thread-1    ] [INFO ]  + add 'C:\vPinball\PinUPSystem\PUPVideos\FP_PE_HALLOWEEN_BBM\PuPSounds\sh_monster_growl7.wav' -> 'future pinball/PUPVideos/FP_PE_HALLOWEEN_BBM/PuPSounds/sh_monster_growl7.wav'
2026-06-11 21:11:33,310 [Thread-1    ] [INFO ]  + add 'C:\vPinball\PinUPSystem\PUPVideos\FP_PE_HALLOWEEN_BBM\PuPSounds\sh_monster_growl8.wav' -> 'future pinball/PUPVideos/FP_PE_HALLOWEEN_BBM/PuPSounds/sh_monster_growl8.wav'
2026-06-11 21:11:33,319 [Thread-1    ] [INFO ]  + add 'C:\vPinball\PinUPSystem\PUPVideos\FP_PE_HALLOWEEN_BBM\PuPSounds\sh_monster_growl9.wav' -> 'future pinball/PUPVideos/FP_PE_HALLOWEEN_BBM/PuPSounds/sh_monster_growl9.wav'
2026-06-11 21:11:33,329 [Thread-1    ] [INFO ]  + add 'C:\vPinball\PinUPSystem\PUPVideos\FP_PE_HALLOWEEN_BBM\PuPSounds\sh_monster_scream1.wav' -> 'future pinball/PUPVideos/FP_PE_HALLOWEEN_BBM/PuPSounds/sh_monster_scream1.wav'
2026-06-11 21:11:33,337 [Thread-1    ] [INFO ]  + add 'C:\vPinball\PinUPSystem\PUPVideos\FP_PE_HALLOWEEN_BBM\PuPSounds\sh_monster_scream2.wav' -> 'future pinball/PUPVideos/FP_PE_HALLOWEEN_BBM/PuPSounds/sh_monster_scream2.wav'
2026-06-11 21:11:33,346 [Thread-1    ] [INFO ]  + add 'C:\vPinball\PinUPSystem\PUPVideos\FP_PE_HALLOWEEN_BBM\PuPSounds\sh_monster_scream3.wav' -> 'future pinball/PUPVideos/FP_PE_HALLOWEEN_BBM/PuPSounds/sh_monster_scream3.wav'
2026-06-11 21:11:33,355 [Thread-1    ] [INFO ]  + add 'C:\vPinball\PinUPSystem\PUPVideos\FP_PE_HALLOWEEN_BBM\PuPSounds\sh_monster_scream4.wav' -> 'future pinball/PUPVideos/FP_PE_HALLOWEEN_BBM/PuPSounds/sh_monster_scream4.wav'
2026-06-11 21:11:33,364 [Thread-1    ] [INFO ]  + add 'C:\vPinball\PinUPSystem\PUPVideos\FP_PE_HALLOWEEN_BBM\PuPSounds\sh_ph_knife_attack1.wav' -> 'future pinball/PUPVideos/FP_PE_HALLOWEEN_BBM/PuPSounds/sh_ph_knife_attack1.wav'
2026-06-11 21:11:33,373 [Thread-1    ] [INFO ]  + add 'C:\vPinball\PinUPSystem\PUPVideos\FP_PE_HALLOWEEN_BBM\PuPSounds\sh_ph_knife_attack2.wav' -> 'future pinball/PUPVideos/FP_PE_HALLOWEEN_BBM/PuPSounds/sh_ph_knife_attack2.wav'
2026-06-11 21:11:33,383 [Thread-1    ] [INFO ]  + add 'C:\vPinball\PinUPSystem\PUPVideos\FP_PE_HALLOWEEN_BBM\PuPSounds\sh_ph_knife_retract.wav' -> 'future pinball/PUPVideos/FP_PE_HALLOWEEN_BBM/PuPSounds/sh_ph_knife_retract.wav'
2026-06-11 21:11:33,391 [Thread-1    ] [INFO ]  + add 'C:\vPinball\PinUPSystem\PUPVideos\FP_PE_HALLOWEEN_BBM\PuPSounds\sh_ph_miss1.wav' -> 'future pinball/PUPVideos/FP_PE_HALLOWEEN_BBM/PuPSounds/sh_ph_miss1.wav'
2026-06-11 21:11:33,400 [Thread-1    ] [INFO ]  + add 'C:\vPinball\PinUPSystem\PUPVideos\FP_PE_HALLOWEEN_BBM\SAVE_THE_TEEN\SaveTheTeen.mp4' -> 'future pinball/PUPVideos/FP_PE_HALLOWEEN_BBM/SAVE_THE_TEEN/SaveTheTeen.mp4'
2026-06-11 21:11:33,416 [Thread-1    ] [INFO ]  + add 'C:\vPinball\PinUPSystem\PUPVideos\FP_PE_HALLOWEEN_BBM\SAVE_THE_TEEN\SaveTheTeen2.mp4' -> 'future pinball/PUPVideos/FP_PE_HALLOWEEN_BBM/SAVE_THE_TEEN/SaveTheTeen2.mp4'
2026-06-11 21:11:33,430 [Thread-1    ] [INFO ]  + add 'C:\vPinball\PinUPSystem\PUPVideos\FP_PE_HALLOWEEN_BBM\SAVE_THE_TEEN\SaveTheTeen3.mp4' -> 'future pinball/PUPVideos/FP_PE_HALLOWEEN_BBM/SAVE_THE_TEEN/SaveTheTeen3.mp4'
2026-06-11 21:11:33,442 [Thread-1    ] [INFO ]  + add 'C:\vPinball\PinUPSystem\PUPVideos\FP_PE_HALLOWEEN_BBM\SAVE_THE_TEEN\SaveTheTeen4.mp4' -> 'future pinball/PUPVideos/FP_PE_HALLOWEEN_BBM/SAVE_THE_TEEN/SaveTheTeen4.mp4'
2026-06-11 21:11:33,454 [Thread-1    ] [INFO ]  + add 'C:\vPinball\PinUPSystem\PUPVideos\FP_PE_HALLOWEEN_BBM\SAVE_THE_TEEN\SaveTheTeen5.mp4' -> 'future pinball/PUPVideos/FP_PE_HALLOWEEN_BBM/SAVE_THE_TEEN/SaveTheTeen5.mp4'
2026-06-11 21:11:33,470 [Thread-1    ] [INFO ]  + add 'C:\vPinball\PinUPSystem\PUPVideos\FP_PE_HALLOWEEN_BBM\ScoreDrain\StopIt_ScoreDrain_TV.mp4' -> 'future pinball/PUPVideos/FP_PE_HALLOWEEN_BBM/ScoreDrain/StopIt_ScoreDrain_TV.mp4'
2026-06-11 21:11:33,491 [Thread-1    ] [INFO ]  + add 'C:\vPinball\PinUPSystem\PUPVideos\FP_PE_HALLOWEEN_BBM\ScoreDrain\StopIt_ScoreDrain_TV_NoText.mp4' -> 'future pinball/PUPVideos/FP_PE_HALLOWEEN_BBM/ScoreDrain/StopIt_ScoreDrain_TV_NoText.mp4'
2026-06-11 21:11:33,510 [Thread-1    ] [INFO ]  + add 'C:\vPinball\PinUPSystem\PUPVideos\FP_PE_HALLOWEEN_BBM\StopIt_Cleared\@StopIt_Cleared_TV.mp4' -> 'future pinball/PUPVideos/FP_PE_HALLOWEEN_BBM/StopIt_Cleared/@StopIt_Cleared_TV.mp4'
2026-06-11 21:11:33,518 [Thread-1    ] [INFO ]  + add 'C:\vPinball\PinUPSystem\PUPVideos\FP_PE_HALLOWEEN_BBM\StopIt_Cleared\StopIt_Cleared_TV_NoText.mp4' -> 'future pinball/PUPVideos/FP_PE_HALLOWEEN_BBM/StopIt_Cleared/StopIt_Cleared_TV_NoText.mp4'
2026-06-11 21:11:33,527 [Thread-1    ] [INFO ]  + add 'C:\vPinball\PinUPSystem\PUPVideos\FP_PE_HALLOWEEN_BBM\StopIt_SilverShamrock\StopIt_SilverShamrock_TV.mp4' -> 'future pinball/PUPVideos/FP_PE_HALLOWEEN_BBM/StopIt_SilverShamrock/StopIt_SilverShamrock_TV.mp4'
2026-06-11 21:11:33,543 [Thread-1    ] [INFO ]  + add 'C:\vPinball\PinUPSystem\PUPVideos\FP_PE_HALLOWEEN_BBM\StopIt_SilverShamrock\StopIt_SilverShamrock_TV_NoText.mp4' -> 'future pinball/PUPVideos/FP_PE_HALLOWEEN_BBM/StopIt_SilverShamrock/StopIt_SilverShamrock_TV_NoText.mp4'
2026-06-11 21:11:33,558 [Thread-1    ] [INFO ]  + add 'C:\vPinball\PinUPSystem\PUPVideos\FP_PE_HALLOWEEN_BBM\StopIt_Start\StopIt_Start_TV.mp4' -> 'future pinball/PUPVideos/FP_PE_HALLOWEEN_BBM/StopIt_Start/StopIt_Start_TV.mp4'
2026-06-11 21:11:33,567 [Thread-1    ] [INFO ]  + add 'C:\vPinball\PinUPSystem\PUPVideos\FP_PE_HALLOWEEN_BBM\StopIt_Start\StopIt_Start_TV_NoText.mp4' -> 'future pinball/PUPVideos/FP_PE_HALLOWEEN_BBM/StopIt_Start/StopIt_Start_TV_NoText.mp4'
2026-06-11 21:11:33,579 [Thread-1    ] [INFO ]  + add 'C:\vPinball\PinUPSystem\PUPVideos\FP_PE_HALLOWEEN_BBM\TEENS\@ALICE IS DEAD.mp4' -> 'future pinball/PUPVideos/FP_PE_HALLOWEEN_BBM/TEENS/@ALICE IS DEAD.mp4'
2026-06-11 21:11:33,593 [Thread-1    ] [INFO ]  + add 'C:\vPinball\PinUPSystem\PUPVideos\FP_PE_HALLOWEEN_BBM\TEENS\@ALICE MARTIN.mp4' -> 'future pinball/PUPVideos/FP_PE_HALLOWEEN_BBM/TEENS/@ALICE MARTIN.mp4'
2026-06-11 21:11:33,608 [Thread-1    ] [INFO ]  + add 'C:\vPinball\PinUPSystem\PUPVideos\FP_PE_HALLOWEEN_BBM\TEENS\@ANNIE BRACKETT.mp4' -> 'future pinball/PUPVideos/FP_PE_HALLOWEEN_BBM/TEENS/@ANNIE BRACKETT.mp4'
2026-06-11 21:11:33,636 [Thread-1    ] [INFO ]  + add 'C:\vPinball\PinUPSystem\PUPVideos\FP_PE_HALLOWEEN_BBM\TEENS\@ANNIE IS DEAD.mp4' -> 'future pinball/PUPVideos/FP_PE_HALLOWEEN_BBM/TEENS/@ANNIE IS DEAD.mp4'
2026-06-11 21:11:33,657 [Thread-1    ] [INFO ]  + add 'C:\vPinball\PinUPSystem\PUPVideos\FP_PE_HALLOWEEN_BBM\TEENS\@BOB IS DEAD.mp4' -> 'future pinball/PUPVideos/FP_PE_HALLOWEEN_BBM/TEENS/@BOB IS DEAD.mp4'
2026-06-11 21:11:33,686 [Thread-1    ] [INFO ]  + add 'C:\vPinball\PinUPSystem\PUPVideos\FP_PE_HALLOWEEN_BBM\TEENS\@BOB SIMMS.mp4' -> 'future pinball/PUPVideos/FP_PE_HALLOWEEN_BBM/TEENS/@BOB SIMMS.mp4'
2026-06-11 21:11:33,707 [Thread-1    ] [INFO ]  + add 'C:\vPinball\PinUPSystem\PUPVideos\FP_PE_HALLOWEEN_BBM\TEENS\@LAURIE is DEAD.mp4' -> 'future pinball/PUPVideos/FP_PE_HALLOWEEN_BBM/TEENS/@LAURIE is DEAD.mp4'
2026-06-11 21:11:33,741 [Thread-1    ] [INFO ]  + add 'C:\vPinball\PinUPSystem\PUPVideos\FP_PE_HALLOWEEN_BBM\TEENS\@LAURIE STRODE.mp4' -> 'future pinball/PUPVideos/FP_PE_HALLOWEEN_BBM/TEENS/@LAURIE STRODE.mp4'
2026-06-11 21:11:33,772 [Thread-1    ] [INFO ]  + add 'C:\vPinball\PinUPSystem\PUPVideos\FP_PE_HALLOWEEN_BBM\TEENS\@LYNDA is DEAD.mp4' -> 'future pinball/PUPVideos/FP_PE_HALLOWEEN_BBM/TEENS/@LYNDA is DEAD.mp4'
2026-06-11 21:11:33,795 [Thread-1    ] [INFO ]  + add 'C:\vPinball\PinUPSystem\PUPVideos\FP_PE_HALLOWEEN_BBM\TEENS\@LYNDA VAN KLOK.mp4' -> 'future pinball/PUPVideos/FP_PE_HALLOWEEN_BBM/TEENS/@LYNDA VAN KLOK.mp4'
2026-06-11 21:11:33,805 [Thread-1    ] [INFO ]  + add 'C:\vPinball\PinUPSystem\PUPVideos\FP_PE_HALLOWEEN_BBM\TEENS\ALICE MARTIN is DEAD.mp4' -> 'future pinball/PUPVideos/FP_PE_HALLOWEEN_BBM/TEENS/ALICE MARTIN is DEAD.mp4'
2026-06-11 21:11:33,820 [Thread-1    ] [INFO ]  + add 'C:\vPinball\PinUPSystem\PUPVideos\FP_PE_HALLOWEEN_BBM\TEENS\ALICE MARTIN.mp4' -> 'future pinball/PUPVideos/FP_PE_HALLOWEEN_BBM/TEENS/ALICE MARTIN.mp4'
2026-06-11 21:11:33,829 [Thread-1    ] [INFO ]  + add 'C:\vPinball\PinUPSystem\PUPVideos\FP_PE_HALLOWEEN_BBM\TEENS\ANNIE BRACKETT is DEAD.mp4' -> 'future pinball/PUPVideos/FP_PE_HALLOWEEN_BBM/TEENS/ANNIE BRACKETT is DEAD.mp4'
2026-06-11 21:11:33,843 [Thread-1    ] [INFO ]  + add 'C:\vPinball\PinUPSystem\PUPVideos\FP_PE_HALLOWEEN_BBM\TEENS\ANNIE BRACKETT.mp4' -> 'future pinball/PUPVideos/FP_PE_HALLOWEEN_BBM/TEENS/ANNIE BRACKETT.mp4'
2026-06-11 21:11:33,853 [Thread-1    ] [INFO ]  + add 'C:\vPinball\PinUPSystem\PUPVideos\FP_PE_HALLOWEEN_BBM\TEENS\BOB SIMMS 2.mp4' -> 'future pinball/PUPVideos/FP_PE_HALLOWEEN_BBM/TEENS/BOB SIMMS 2.mp4'
2026-06-11 21:11:33,863 [Thread-1    ] [INFO ]  + add 'C:\vPinball\PinUPSystem\PUPVideos\FP_PE_HALLOWEEN_BBM\TEENS\BOB SIMMS is DEAD.mp4' -> 'future pinball/PUPVideos/FP_PE_HALLOWEEN_BBM/TEENS/BOB SIMMS is DEAD.mp4'
2026-06-11 21:11:33,876 [Thread-1    ] [INFO ]  + add 'C:\vPinball\PinUPSystem\PUPVideos\FP_PE_HALLOWEEN_BBM\TEENS\BOB SIMMS.mp4' -> 'future pinball/PUPVideos/FP_PE_HALLOWEEN_BBM/TEENS/BOB SIMMS.mp4'
2026-06-11 21:11:33,886 [Thread-1    ] [INFO ]  + add 'C:\vPinball\PinUPSystem\PUPVideos\FP_PE_HALLOWEEN_BBM\TEENS\LAURIE STRODE is DEAD.mp4' -> 'future pinball/PUPVideos/FP_PE_HALLOWEEN_BBM/TEENS/LAURIE STRODE is DEAD.mp4'
2026-06-11 21:11:33,900 [Thread-1    ] [INFO ]  + add 'C:\vPinball\PinUPSystem\PUPVideos\FP_PE_HALLOWEEN_BBM\TEENS\LAURIE STRODE.mp4' -> 'future pinball/PUPVideos/FP_PE_HALLOWEEN_BBM/TEENS/LAURIE STRODE.mp4'
2026-06-11 21:11:33,909 [Thread-1    ] [INFO ]  + add 'C:\vPinball\PinUPSystem\PUPVideos\FP_PE_HALLOWEEN_BBM\TEENS\LYNDA VAN KLOK is DEAD.mp4' -> 'future pinball/PUPVideos/FP_PE_HALLOWEEN_BBM/TEENS/LYNDA VAN KLOK is DEAD.mp4'
2026-06-11 21:11:33,923 [Thread-1    ] [INFO ]  + add 'C:\vPinball\PinUPSystem\PUPVideos\FP_PE_HALLOWEEN_BBM\TEENS\LYNDA VAN KLOK.mp4' -> 'future pinball/PUPVideos/FP_PE_HALLOWEEN_BBM/TEENS/LYNDA VAN KLOK.mp4'
2026-06-11 21:11:33,933 [Thread-1    ] [INFO ]  + add 'C:\vPinball\PinUPSystem\PUPVideos\FP_PE_HALLOWEEN_BBM\TEEN_DEAD\TEEN is DEAD.mp4' -> 'future pinball/PUPVideos/FP_PE_HALLOWEEN_BBM/TEEN_DEAD/TEEN is DEAD.mp4'
2026-06-11 21:11:33,947 [Thread-1    ] [INFO ]  + add 'C:\vPinball\PinUPSystem\PUPVideos\FP_PE_HALLOWEEN_BBM\TEEN_DEAD\TEEN is DEAD2.mp4' -> 'future pinball/PUPVideos/FP_PE_HALLOWEEN_BBM/TEEN_DEAD/TEEN is DEAD2.mp4'
2026-06-11 21:11:33,959 [Thread-1    ] [INFO ]  + add 'C:\vPinball\PinUPSystem\PUPVideos\FP_PE_HALLOWEEN_BBM\TEEN_DEAD\TEEN is DEAD3.mp4' -> 'future pinball/PUPVideos/FP_PE_HALLOWEEN_BBM/TEEN_DEAD/TEEN is DEAD3.mp4'
2026-06-11 21:11:33,970 [Thread-1    ] [INFO ]  + add 'C:\vPinball\PinUPSystem\PUPVideos\FP_PE_HALLOWEEN_BBM\TEEN_SAVED\Teen Saved 2.mp4' -> 'future pinball/PUPVideos/FP_PE_HALLOWEEN_BBM/TEEN_SAVED/Teen Saved 2.mp4'
2026-06-11 21:11:33,984 [Thread-1    ] [INFO ]  + add 'C:\vPinball\PinUPSystem\PUPVideos\FP_PE_HALLOWEEN_BBM\TEEN_SAVED\Teen Saved.mp4' -> 'future pinball/PUPVideos/FP_PE_HALLOWEEN_BBM/TEEN_SAVED/Teen Saved.mp4'
2026-06-11 21:11:33,996 [Thread-1    ] [INFO ]  + add 'C:\vPinball\PinUPSystem\PUPVideos\FP_PE_HALLOWEEN_BBM\TheChase1\The Chase - Start.mp4' -> 'future pinball/PUPVideos/FP_PE_HALLOWEEN_BBM/TheChase1/The Chase - Start.mp4'
2026-06-11 21:11:34,009 [Thread-1    ] [INFO ]  + add 'C:\vPinball\PinUPSystem\PUPVideos\FP_PE_HALLOWEEN_BBM\TheChase3\The Chase - He's Here.mp4' -> 'future pinball/PUPVideos/FP_PE_HALLOWEEN_BBM/TheChase3/The Chase - He's Here.mp4'
2026-06-11 21:11:34,020 [Thread-1    ] [INFO ]  + add 'C:\vPinball\PinUPSystem\PUPVideos\FP_PE_HALLOWEEN_BBM\TheChase4\TheChase4.mp4' -> 'future pinball/PUPVideos/FP_PE_HALLOWEEN_BBM/TheChase4/TheChase4.mp4'
2026-06-11 21:11:34,031 [Thread-1    ] [INFO ]  * Normalizing package: 'Halloween (Original 2022) TerryRed 1.9 MOD' -> 'Halloween (Original 2022)'
2026-06-11 21:11:34,032 [Thread-1    ] [INFO ]  + rename directory  'Halloween (Original 2022) TerryRed 1.9 MOD'
2026-06-11 21:11:34,047 [Thread-1    ] [INFO ]  *** Finished processing Future Pinball assets for: Halloween (Original 2022) ***
2026-06-11 21:11:34,048 [Thread-1    ] [INFO ]  --------------------------------------------------
2026-06-11 21:11:34,050 [Thread-1    ] [INFO ]  * PinupSystem files
2026-06-11 21:11:34,055 [Thread-1    ] [INFO ]  * Capturing session log snapshot: C:\Users\DAVID\Documents\tablePackager\tablePackager.log
2026-06-11 21:11:34,064 [Thread-1    ] [INFO ]  + add 'C:\Users\DAVID\Documents\tablePackager\tmp\Log_Snapshot.txt' -> 'future pinball/logs/Log.txt'
2026-06-11 21:11:34,086 [Thread-1    ] [INFO ]  * packing table 'Halloween (Original 2022).zip'
2026-06-11 21:11:46,771 [MainThread  ] [INFO ]  --[Done]------------------
2026-06-11 21:11:52,143 [Thread-2    ] [INFO ]  --[Edit Package 'Halloween (Original 2022)']------------------
2026-06-11 21:11:52,147 [Thread-2    ] [INFO ]  * unpack table 'Halloween (Original 2022).zip'
2026-06-11 21:11:54,632 [Thread-2    ] [INFO ]  * Unpack Done
2026-06-11 21:12:14,615 [MainThread  ] [INFO ]  --[Edition 'Halloween (Original 2022)' Canceled]------------------
2026-06-11 21:12:31,086 [Thread-3    ] [INFO ]  --[Backup Package]------------------
2026-06-11 21:12:31,086 [Thread-3    ] [INFO ]  + copy '/Halloween (Original 2022).zip' -> 'C:/Users/DAVID/OneDrive/Desktop'
2026-06-11 21:12:31,296 [Thread-3    ] [INFO ]  --[Done]------------------
2026-06-11 21:13:32,602 [Thread-4    ] [INFO ]  --[Deploy 'Halloween (Original 2022)']------------------
2026-06-11 21:13:32,604 [Thread-4    ] [INFO ]  * unpack table 'Halloween (Original 2022).zip'
2026-06-11 21:13:35,217 [Thread-4    ] [INFO ]  * Deploy Future Pinball files
2026-06-11 21:13:35,217 [Thread-4    ] [INFO ]  + Deploying Tables to C:/vPinball/FuturePinball\Tables
2026-06-11 21:13:35,217 [Thread-4    ] [INFO ]  + deploy C:/vPinball/FuturePinball\Tables\Halloween (Original 2022) TerryRed 1.9 MOD.fpt
2026-06-11 21:13:35,305 [Thread-4    ] [INFO ]  + Deploying BAM assets to C:/vPinball/FuturePinball\BAM
2026-06-11 21:13:35,305 [Thread-4    ] [INFO ]  + deploy C:/vPinball/FuturePinball\BAM\cfg
2026-06-11 21:13:35,307 [Thread-4    ] [INFO ]  + deploy C:/vPinball/FuturePinball\BAM\cfg\Halloween (Original 2022) TerryRed 1.9 MOD.cfg
2026-06-11 21:13:35,309 [Thread-4    ] [INFO ]  + Deploying PUPVideos to C:/vPinball/PinUPSystem\PUPVideos
2026-06-11 21:13:35,309 [Thread-4    ] [INFO ]  + deploy C:/vPinball/PinUPSystem\PUPVideos\FP_PE_HALLOWEEN_BBM
2026-06-11 21:13:35,309 [Thread-4    ] [INFO ]  + deploy C:/vPinball/PinUPSystem\PUPVideos\FP_PE_HALLOWEEN_BBM\BG-Background
2026-06-11 21:13:35,309 [Thread-4    ] [INFO ]  + deploy C:/vPinball/PinUPSystem\PUPVideos\FP_PE_HALLOWEEN_BBM\BG-Background\Backglass_Default.mp4
2026-06-11 21:13:35,319 [Thread-4    ] [INFO ]  + deploy C:/vPinball/PinUPSystem\PUPVideos\FP_PE_HALLOWEEN_BBM\BG-Background\Backglass_Default_no_animation.mp4
2026-06-11 21:13:35,326 [Thread-4    ] [INFO ]  + deploy C:/vPinball/PinUPSystem\PUPVideos\FP_PE_HALLOWEEN_BBM\BogeyMan_Complete
2026-06-11 21:13:35,326 [Thread-4    ] [INFO ]  + deploy C:/vPinball/PinUPSystem\PUPVideos\FP_PE_HALLOWEEN_BBM\BogeyMan_Complete\Bogey Man - Complete.mp4
2026-06-11 21:13:35,334 [Thread-4    ] [INFO ]  + deploy C:/vPinball/PinUPSystem\PUPVideos\FP_PE_HALLOWEEN_BBM\BogeyMan_End
2026-06-11 21:13:35,334 [Thread-4    ] [INFO ]  + deploy C:/vPinball/PinUPSystem\PUPVideos\FP_PE_HALLOWEEN_BBM\BogeyMan_End\@BogeyMan_Fail.mp4
2026-06-11 21:13:35,343 [Thread-4    ] [INFO ]  + deploy C:/vPinball/PinUPSystem\PUPVideos\FP_PE_HALLOWEEN_BBM\BogeyMan_Escape
2026-06-11 21:13:35,343 [Thread-4    ] [INFO ]  + deploy C:/vPinball/PinUPSystem\PUPVideos\FP_PE_HALLOWEEN_BBM\BogeyMan_Escape\BogeyMan_Escape.mp4
2026-06-11 21:13:35,352 [Thread-4    ] [INFO ]  + deploy C:/vPinball/PinUPSystem\PUPVideos\FP_PE_HALLOWEEN_BBM\BogeyMan_Fail
2026-06-11 21:13:35,353 [Thread-4    ] [INFO ]  + deploy C:/vPinball/PinUPSystem\PUPVideos\FP_PE_HALLOWEEN_BBM\BogeyMan_Fail\@Bogey Man - Escape Fail.mp4
2026-06-11 21:13:35,358 [Thread-4    ] [INFO ]  + deploy C:/vPinball/PinUPSystem\PUPVideos\FP_PE_HALLOWEEN_BBM\BogeyMan_Start
2026-06-11 21:13:35,359 [Thread-4    ] [INFO ]  + deploy C:/vPinball/PinUPSystem\PUPVideos\FP_PE_HALLOWEEN_BBM\BogeyMan_Start\Bogey Man - Start.mp4
2026-06-11 21:13:35,368 [Thread-4    ] [INFO ]  + deploy C:/vPinball/PinUPSystem\PUPVideos\FP_PE_HALLOWEEN_BBM\DMD 16x9 Background
2026-06-11 21:13:35,370 [Thread-4    ] [INFO ]  + deploy C:/vPinball/PinUPSystem\PUPVideos\FP_PE_HALLOWEEN_BBM\DMD 16x9 Background\Attract No Sound.mp4
2026-06-11 21:13:35,382 [Thread-4    ] [INFO ]  + deploy C:/vPinball/PinUPSystem\PUPVideos\FP_PE_HALLOWEEN_BBM\DMD 16x9 Background\Attract.mp4
2026-06-11 21:13:35,388 [Thread-4    ] [INFO ]  + deploy C:/vPinball/PinUPSystem\PUPVideos\FP_PE_HALLOWEEN_BBM\DMD 16x9 Background\AttractFull.mp4
2026-06-11 21:13:35,401 [Thread-4    ] [INFO ]  + deploy C:/vPinball/PinUPSystem\PUPVideos\FP_PE_HALLOWEEN_BBM\DMD 16x9 Background\BlackBG.mp4
2026-06-11 21:13:35,408 [Thread-4    ] [INFO ]  + deploy C:/vPinball/PinUPSystem\PUPVideos\FP_PE_HALLOWEEN_BBM\DMD 16x9 Background\Default.mp4
2026-06-11 21:13:35,416 [Thread-4    ] [INFO ]  + deploy C:/vPinball/PinUPSystem\PUPVideos\FP_PE_HALLOWEEN_BBM\DMD 16x9 Splash
2026-06-11 21:13:35,417 [Thread-4    ] [INFO ]  + deploy C:/vPinball/PinUPSystem\PUPVideos\FP_PE_HALLOWEEN_BBM\DMD 16x9 Splash\@ALICE IS DEAD.mp4
2026-06-11 21:13:35,424 [Thread-4    ] [INFO ]  + deploy C:/vPinball/PinUPSystem\PUPVideos\FP_PE_HALLOWEEN_BBM\DMD 16x9 Splash\@ALICE MARTIN.mp4
2026-06-11 21:13:35,430 [Thread-4    ] [INFO ]  + deploy C:/vPinball/PinUPSystem\PUPVideos\FP_PE_HALLOWEEN_BBM\DMD 16x9 Splash\@ANNIE BRACKETT.mp4
2026-06-11 21:13:35,436 [Thread-4    ] [INFO ]  + deploy C:/vPinball/PinUPSystem\PUPVideos\FP_PE_HALLOWEEN_BBM\DMD 16x9 Splash\@ANNIE IS DEAD.mp4
2026-06-11 21:13:35,444 [Thread-4    ] [INFO ]  + deploy C:/vPinball/PinUPSystem\PUPVideos\FP_PE_HALLOWEEN_BBM\DMD 16x9 Splash\@BOB IS DEAD.mp4
2026-06-11 21:13:35,451 [Thread-4    ] [INFO ]  + deploy C:/vPinball/PinUPSystem\PUPVideos\FP_PE_HALLOWEEN_BBM\DMD 16x9 Splash\@BOB SIMMS.mp4
2026-06-11 21:13:35,457 [Thread-4    ] [INFO ]  + deploy C:/vPinball/PinUPSystem\PUPVideos\FP_PE_HALLOWEEN_BBM\DMD 16x9 Splash\@LAURIE is DEAD.mp4
2026-06-11 21:13:35,466 [Thread-4    ] [INFO ]  + deploy C:/vPinball/PinUPSystem\PUPVideos\FP_PE_HALLOWEEN_BBM\DMD 16x9 Splash\@LAURIE STRODE.mp4
2026-06-11 21:13:35,473 [Thread-4    ] [INFO ]  + deploy C:/vPinball/PinUPSystem\PUPVideos\FP_PE_HALLOWEEN_BBM\DMD 16x9 Splash\@LYNDA is DEAD.mp4
2026-06-11 21:13:35,480 [Thread-4    ] [INFO ]  + deploy C:/vPinball/PinUPSystem\PUPVideos\FP_PE_HALLOWEEN_BBM\DMD 16x9 Splash\@LYNDA VAN KLOK.mp4
2026-06-11 21:13:35,486 [Thread-4    ] [INFO ]  + deploy C:/vPinball/PinUPSystem\PUPVideos\FP_PE_HALLOWEEN_BBM\DMD 16x9 Splash\@PoliceCalled.mp4
2026-06-11 21:13:35,492 [Thread-4    ] [INFO ]  + deploy C:/vPinball/PinUPSystem\PUPVideos\FP_PE_HALLOWEEN_BBM\FONTS
2026-06-11 21:13:35,493 [Thread-4    ] [INFO ]  + deploy C:/vPinball/PinUPSystem\PUPVideos\FP_PE_HALLOWEEN_BBM\FONTS\impact.ttf
2026-06-11 21:13:35,499 [Thread-4    ] [INFO ]  + deploy C:/vPinball/PinUPSystem\PUPVideos\FP_PE_HALLOWEEN_BBM\FONTS\Instruction Bold.ttf
2026-06-11 21:13:35,506 [Thread-4    ] [INFO ]  + deploy C:/vPinball/PinUPSystem\PUPVideos\FP_PE_HALLOWEEN_BBM\FONTS\mrsmonster.ttf
2026-06-11 21:13:35,512 [Thread-4    ] [INFO ]  + deploy C:/vPinball/PinUPSystem\PUPVideos\FP_PE_HALLOWEEN_BBM\FONTS\PKMN Pinball.ttf
2026-06-11 21:13:35,519 [Thread-4    ] [INFO ]  + deploy C:/vPinball/PinUPSystem\PUPVideos\FP_PE_HALLOWEEN_BBM\FONTS\Scary Halloween Font.ttf
2026-06-11 21:13:35,528 [Thread-4    ] [INFO ]  + deploy C:/vPinball/PinUPSystem\PUPVideos\FP_PE_HALLOWEEN_BBM\FONTS\serifgothic.ttf
2026-06-11 21:13:35,536 [Thread-4    ] [INFO ]  + deploy C:/vPinball/PinUPSystem\PUPVideos\FP_PE_HALLOWEEN_BBM\FONTS\serifgothicblackregular.ttf
2026-06-11 21:13:35,542 [Thread-4    ] [INFO ]  + deploy C:/vPinball/PinUPSystem\PUPVideos\FP_PE_HALLOWEEN_BBM\FONTS\Zig.ttf
2026-06-11 21:13:35,549 [Thread-4    ] [INFO ]  + deploy C:/vPinball/PinUPSystem\PUPVideos\FP_PE_HALLOWEEN_BBM\GameCompleted
2026-06-11 21:13:35,549 [Thread-4    ] [INFO ]  + deploy C:/vPinball/PinUPSystem\PUPVideos\FP_PE_HALLOWEEN_BBM\GameCompleted\GameCompleted.mp4
2026-06-11 21:13:35,563 [Thread-4    ] [INFO ]  + deploy C:/vPinball/PinUPSystem\PUPVideos\FP_PE_HALLOWEEN_BBM\How to Choose a PuP-Pack Option - Read Me!.jpg
2026-06-11 21:13:35,574 [Thread-4    ] [INFO ]  + deploy C:/vPinball/PinUPSystem\PUPVideos\FP_PE_HALLOWEEN_BBM\Option 0 - SSF Only.bat
2026-06-11 21:13:35,576 [Thread-4    ] [INFO ]  + deploy C:/vPinball/PinUPSystem\PUPVideos\FP_PE_HALLOWEEN_BBM\Option 1 - 3 Screen - FullDMD and Backglass.bat
2026-06-11 21:13:35,578 [Thread-4    ] [INFO ]  + deploy C:/vPinball/PinUPSystem\PUPVideos\FP_PE_HALLOWEEN_BBM\Option 2 - 2 Screen - 16x9.bat
2026-06-11 21:13:35,579 [Thread-4    ] [INFO ]  + deploy C:/vPinball/PinUPSystem\PUPVideos\FP_PE_HALLOWEEN_BBM\Option 3 - 2 Screen - 5x4.bat
2026-06-11 21:13:35,581 [Thread-4    ] [INFO ]  + deploy C:/vPinball/PinUPSystem\PUPVideos\FP_PE_HALLOWEEN_BBM\Option 4 - 2 Screen - 1x1.bat
2026-06-11 21:13:35,582 [Thread-4    ] [INFO ]  + deploy C:/vPinball/PinUPSystem\PUPVideos\FP_PE_HALLOWEEN_BBM\Option 5 - 1 Screen - PUP Stream - Desktop or VR.bat
2026-06-11 21:13:35,584 [Thread-4    ] [INFO ]  + deploy C:/vPinball/PinUPSystem\PUPVideos\FP_PE_HALLOWEEN_BBM\Option 6 - 1 Screen - Windowed - Desktop or VR.bat
2026-06-11 21:13:35,585 [Thread-4    ] [INFO ]  + deploy C:/vPinball/PinUPSystem\PUPVideos\FP_PE_HALLOWEEN_BBM\Option Selected.jpg
2026-06-11 21:13:35,592 [Thread-4    ] [INFO ]  + deploy C:/vPinball/PinUPSystem\PUPVideos\FP_PE_HALLOWEEN_BBM\Option Selected.txt
2026-06-11 21:13:35,594 [Thread-4    ] [INFO ]  + deploy C:/vPinball/PinUPSystem\PUPVideos\FP_PE_HALLOWEEN_BBM\playlists.pup
2026-06-11 21:13:35,596 [Thread-4    ] [INFO ]  + deploy C:/vPinball/PinUPSystem\PUPVideos\FP_PE_HALLOWEEN_BBM\PuP-Pack_Options
2026-06-11 21:13:35,597 [Thread-4    ] [INFO ]  + deploy C:/vPinball/PinUPSystem\PUPVideos\FP_PE_HALLOWEEN_BBM\PuP-Pack_Options\FP_Win_to_Borderless.exe
2026-06-11 21:13:35,704 [Thread-4    ] [INFO ]  + deploy C:/vPinball/PinUPSystem\PUPVideos\FP_PE_HALLOWEEN_BBM\PuP-Pack_Options\MouseMove.exe
2026-06-11 21:13:35,740 [Thread-4    ] [INFO ]  + deploy C:/vPinball/PinUPSystem\PUPVideos\FP_PE_HALLOWEEN_BBM\PuP-Pack_Options\Option 0 - SSF Only
2026-06-11 21:13:35,741 [Thread-4    ] [INFO ]  + deploy C:/vPinball/PinUPSystem\PUPVideos\FP_PE_HALLOWEEN_BBM\PuP-Pack_Options\Option 0 - SSF Only\Option Selected.jpg
2026-06-11 21:13:35,750 [Thread-4    ] [INFO ]  + deploy C:/vPinball/PinUPSystem\PUPVideos\FP_PE_HALLOWEEN_BBM\PuP-Pack_Options\Option 0 - SSF Only\Option Selected.txt
2026-06-11 21:13:35,753 [Thread-4    ] [INFO ]  + deploy C:/vPinball/PinUPSystem\PUPVideos\FP_PE_HALLOWEEN_BBM\PuP-Pack_Options\Option 0 - SSF Only\playlists.pup
2026-06-11 21:13:35,755 [Thread-4    ] [INFO ]  + deploy C:/vPinball/PinUPSystem\PUPVideos\FP_PE_HALLOWEEN_BBM\PuP-Pack_Options\Option 0 - SSF Only\screens.pup
2026-06-11 21:13:35,757 [Thread-4    ] [INFO ]  + deploy C:/vPinball/PinUPSystem\PUPVideos\FP_PE_HALLOWEEN_BBM\PuP-Pack_Options\Option 0 - SSF Only\triggers.pup
2026-06-11 21:13:35,759 [Thread-4    ] [INFO ]  + deploy C:/vPinball/PinUPSystem\PUPVideos\FP_PE_HALLOWEEN_BBM\PuP-Pack_Options\Option 1 - 3 Screen - FullDMD and Backglass
2026-06-11 21:13:35,761 [Thread-4    ] [INFO ]  + deploy C:/vPinball/PinUPSystem\PUPVideos\FP_PE_HALLOWEEN_BBM\PuP-Pack_Options\Option 1 - 3 Screen - FullDMD and Backglass\Option Selected.jpg
2026-06-11 21:13:35,770 [Thread-4    ] [INFO ]  + deploy C:/vPinball/PinUPSystem\PUPVideos\FP_PE_HALLOWEEN_BBM\PuP-Pack_Options\Option 1 - 3 Screen - FullDMD and Backglass\Option Selected.txt
2026-06-11 21:13:35,772 [Thread-4    ] [INFO ]  + deploy C:/vPinball/PinUPSystem\PUPVideos\FP_PE_HALLOWEEN_BBM\PuP-Pack_Options\Option 1 - 3 Screen - FullDMD and Backglass\playlists.pup
2026-06-11 21:13:35,774 [Thread-4    ] [INFO ]  + deploy C:/vPinball/PinUPSystem\PUPVideos\FP_PE_HALLOWEEN_BBM\PuP-Pack_Options\Option 1 - 3 Screen - FullDMD and Backglass\screens.pup
2026-06-11 21:13:35,776 [Thread-4    ] [INFO ]  + deploy C:/vPinball/PinUPSystem\PUPVideos\FP_PE_HALLOWEEN_BBM\PuP-Pack_Options\Option 1 - 3 Screen - FullDMD and Backglass\triggers.pup
2026-06-11 21:13:35,779 [Thread-4    ] [INFO ]  + deploy C:/vPinball/PinUPSystem\PUPVideos\FP_PE_HALLOWEEN_BBM\PuP-Pack_Options\Option 2 - 2 Screen - 16x9
2026-06-11 21:13:35,779 [Thread-4    ] [INFO ]  + deploy C:/vPinball/PinUPSystem\PUPVideos\FP_PE_HALLOWEEN_BBM\PuP-Pack_Options\Option 2 - 2 Screen - 16x9\Option Selected.jpg
2026-06-11 21:13:35,790 [Thread-4    ] [INFO ]  + deploy C:/vPinball/PinUPSystem\PUPVideos\FP_PE_HALLOWEEN_BBM\PuP-Pack_Options\Option 2 - 2 Screen - 16x9\Option Selected.txt
2026-06-11 21:13:35,792 [Thread-4    ] [INFO ]  + deploy C:/vPinball/PinUPSystem\PUPVideos\FP_PE_HALLOWEEN_BBM\PuP-Pack_Options\Option 2 - 2 Screen - 16x9\playlists.pup
2026-06-11 21:13:35,793 [Thread-4    ] [INFO ]  + deploy C:/vPinball/PinUPSystem\PUPVideos\FP_PE_HALLOWEEN_BBM\PuP-Pack_Options\Option 2 - 2 Screen - 16x9\screens.pup
2026-06-11 21:13:35,795 [Thread-4    ] [INFO ]  + deploy C:/vPinball/PinUPSystem\PUPVideos\FP_PE_HALLOWEEN_BBM\PuP-Pack_Options\Option 2 - 2 Screen - 16x9\triggers.pup
2026-06-11 21:13:35,797 [Thread-4    ] [INFO ]  + deploy C:/vPinball/PinUPSystem\PUPVideos\FP_PE_HALLOWEEN_BBM\PuP-Pack_Options\Option 3 - 2 Screen - 5x4
2026-06-11 21:13:35,797 [Thread-4    ] [INFO ]  + deploy C:/vPinball/PinUPSystem\PUPVideos\FP_PE_HALLOWEEN_BBM\PuP-Pack_Options\Option 3 - 2 Screen - 5x4\Option Selected.jpg
2026-06-11 21:13:35,804 [Thread-4    ] [INFO ]  + deploy C:/vPinball/PinUPSystem\PUPVideos\FP_PE_HALLOWEEN_BBM\PuP-Pack_Options\Option 3 - 2 Screen - 5x4\Option Selected.txt
2026-06-11 21:13:35,807 [Thread-4    ] [INFO ]  + deploy C:/vPinball/PinUPSystem\PUPVideos\FP_PE_HALLOWEEN_BBM\PuP-Pack_Options\Option 3 - 2 Screen - 5x4\playlists.pup
2026-06-11 21:13:35,809 [Thread-4    ] [INFO ]  + deploy C:/vPinball/PinUPSystem\PUPVideos\FP_PE_HALLOWEEN_BBM\PuP-Pack_Options\Option 3 - 2 Screen - 5x4\screens.pup
2026-06-11 21:13:35,811 [Thread-4    ] [INFO ]  + deploy C:/vPinball/PinUPSystem\PUPVideos\FP_PE_HALLOWEEN_BBM\PuP-Pack_Options\Option 3 - 2 Screen - 5x4\triggers.pup
2026-06-11 21:13:35,812 [Thread-4    ] [INFO ]  + deploy C:/vPinball/PinUPSystem\PUPVideos\FP_PE_HALLOWEEN_BBM\PuP-Pack_Options\Option 4 - 2 Screen - 1x1
2026-06-11 21:13:35,813 [Thread-4    ] [INFO ]  + deploy C:/vPinball/PinUPSystem\PUPVideos\FP_PE_HALLOWEEN_BBM\PuP-Pack_Options\Option 4 - 2 Screen - 1x1\Option Selected.jpg
2026-06-11 21:13:35,820 [Thread-4    ] [INFO ]  + deploy C:/vPinball/PinUPSystem\PUPVideos\FP_PE_HALLOWEEN_BBM\PuP-Pack_Options\Option 4 - 2 Screen - 1x1\Option Selected.txt
2026-06-11 21:13:35,824 [Thread-4    ] [INFO ]  + deploy C:/vPinball/PinUPSystem\PUPVideos\FP_PE_HALLOWEEN_BBM\PuP-Pack_Options\Option 4 - 2 Screen - 1x1\playlists.pup
2026-06-11 21:13:35,826 [Thread-4    ] [INFO ]  + deploy C:/vPinball/PinUPSystem\PUPVideos\FP_PE_HALLOWEEN_BBM\PuP-Pack_Options\Option 4 - 2 Screen - 1x1\screens.pup
2026-06-11 21:13:35,831 [Thread-4    ] [INFO ]  + deploy C:/vPinball/PinUPSystem\PUPVideos\FP_PE_HALLOWEEN_BBM\PuP-Pack_Options\Option 4 - 2 Screen - 1x1\triggers.pup
2026-06-11 21:13:35,834 [Thread-4    ] [INFO ]  + deploy C:/vPinball/PinUPSystem\PUPVideos\FP_PE_HALLOWEEN_BBM\PuP-Pack_Options\Option 5 - 1 Screen - PUP Stream - Desktop or VR
2026-06-11 21:13:35,834 [Thread-4    ] [INFO ]  + deploy C:/vPinball/PinUPSystem\PUPVideos\FP_PE_HALLOWEEN_BBM\PuP-Pack_Options\Option 5 - 1 Screen - PUP Stream - Desktop or VR\Option Selected.jpg
2026-06-11 21:13:35,841 [Thread-4    ] [INFO ]  + deploy C:/vPinball/PinUPSystem\PUPVideos\FP_PE_HALLOWEEN_BBM\PuP-Pack_Options\Option 5 - 1 Screen - PUP Stream - Desktop or VR\Option Selected.txt
2026-06-11 21:13:35,844 [Thread-4    ] [INFO ]  + deploy C:/vPinball/PinUPSystem\PUPVideos\FP_PE_HALLOWEEN_BBM\PuP-Pack_Options\Option 5 - 1 Screen - PUP Stream - Desktop or VR\playlists.pup
2026-06-11 21:13:35,847 [Thread-4    ] [INFO ]  + deploy C:/vPinball/PinUPSystem\PUPVideos\FP_PE_HALLOWEEN_BBM\PuP-Pack_Options\Option 5 - 1 Screen - PUP Stream - Desktop or VR\screens.pup
2026-06-11 21:13:35,850 [Thread-4    ] [INFO ]  + deploy C:/vPinball/PinUPSystem\PUPVideos\FP_PE_HALLOWEEN_BBM\PuP-Pack_Options\Option 5 - 1 Screen - PUP Stream - Desktop or VR\triggers.pup
2026-06-11 21:13:35,852 [Thread-4    ] [INFO ]  + deploy C:/vPinball/PinUPSystem\PUPVideos\FP_PE_HALLOWEEN_BBM\PuP-Pack_Options\Option 6 - 1 Screen - Windowed - Desktop or VR
2026-06-11 21:13:35,853 [Thread-4    ] [INFO ]  + deploy C:/vPinball/PinUPSystem\PUPVideos\FP_PE_HALLOWEEN_BBM\PuP-Pack_Options\Option 6 - 1 Screen - Windowed - Desktop or VR\Option Selected.jpg
2026-06-11 21:13:35,860 [Thread-4    ] [INFO ]  + deploy C:/vPinball/PinUPSystem\PUPVideos\FP_PE_HALLOWEEN_BBM\PuP-Pack_Options\Option 6 - 1 Screen - Windowed - Desktop or VR\Option Selected.txt
2026-06-11 21:13:35,862 [Thread-4    ] [INFO ]  + deploy C:/vPinball/PinUPSystem\PUPVideos\FP_PE_HALLOWEEN_BBM\PuP-Pack_Options\Option 6 - 1 Screen - Windowed - Desktop or VR\playlists.pup
2026-06-11 21:13:35,864 [Thread-4    ] [INFO ]  + deploy C:/vPinball/PinUPSystem\PUPVideos\FP_PE_HALLOWEEN_BBM\PuP-Pack_Options\Option 6 - 1 Screen - Windowed - Desktop or VR\PuPInit.bat
2026-06-11 21:13:35,866 [Thread-4    ] [INFO ]  + deploy C:/vPinball/PinUPSystem\PUPVideos\FP_PE_HALLOWEEN_BBM\PuP-Pack_Options\Option 6 - 1 Screen - Windowed - Desktop or VR\screens.pup
2026-06-11 21:13:35,868 [Thread-4    ] [INFO ]  + deploy C:/vPinball/PinUPSystem\PUPVideos\FP_PE_HALLOWEEN_BBM\PuP-Pack_Options\Option 6 - 1 Screen - Windowed - Desktop or VR\triggers.pup
2026-06-11 21:13:35,870 [Thread-4    ] [INFO ]  + deploy C:/vPinball/PinUPSystem\PUPVideos\FP_PE_HALLOWEEN_BBM\PuP-Pack_Options\PuPDesktopPunch.exe
2026-06-11 21:13:35,978 [Thread-4    ] [INFO ]  + deploy C:/vPinball/PinUPSystem\PUPVideos\FP_PE_HALLOWEEN_BBM\PuPAlphas
2026-06-11 21:13:35,978 [Thread-4    ] [INFO ]  + deploy C:/vPinball/PinUPSystem\PUPVideos\FP_PE_HALLOWEEN_BBM\PuPAlphas\Backbox - 1x1.png
2026-06-11 21:13:35,988 [Thread-4    ] [INFO ]  + deploy C:/vPinball/PinUPSystem\PUPVideos\FP_PE_HALLOWEEN_BBM\PuPAlphas\Backbox - 5x4.png
2026-06-11 21:13:35,998 [Thread-4    ] [INFO ]  + deploy C:/vPinball/PinUPSystem\PUPVideos\FP_PE_HALLOWEEN_BBM\PuPAlphas\Backglass - 16x9 - Border.png
2026-06-11 21:13:36,011 [Thread-4    ] [INFO ]  + deploy C:/vPinball/PinUPSystem\PUPVideos\FP_PE_HALLOWEEN_BBM\PuPOverlays
2026-06-11 21:13:36,013 [Thread-4    ] [INFO ]  + deploy C:/vPinball/PinUPSystem\PUPVideos\FP_PE_HALLOWEEN_BBM\PuPOverlays\BackGlass DMD Overlay Frame.png
2026-06-11 21:13:36,027 [Thread-4    ] [INFO ]  + deploy C:/vPinball/PinUPSystem\PUPVideos\FP_PE_HALLOWEEN_BBM\PuPSounds
2026-06-11 21:13:36,028 [Thread-4    ] [INFO ]  + deploy C:/vPinball/PinUPSystem\PUPVideos\FP_PE_HALLOWEEN_BBM\PuPSounds\ballroll0.wav
2026-06-11 21:13:36,036 [Thread-4    ] [INFO ]  + deploy C:/vPinball/PinUPSystem\PUPVideos\FP_PE_HALLOWEEN_BBM\PuPSounds\ballroll1.wav
2026-06-11 21:13:36,043 [Thread-4    ] [INFO ]  + deploy C:/vPinball/PinUPSystem\PUPVideos\FP_PE_HALLOWEEN_BBM\PuPSounds\ballroll2.wav
2026-06-11 21:13:36,049 [Thread-4    ] [INFO ]  + deploy C:/vPinball/PinUPSystem\PUPVideos\FP_PE_HALLOWEEN_BBM\PuPSounds\ballroll3.wav
2026-06-11 21:13:36,056 [Thread-4    ] [INFO ]  + deploy C:/vPinball/PinUPSystem\PUPVideos\FP_PE_HALLOWEEN_BBM\PuPSounds\ballroll4.wav
2026-06-11 21:13:36,062 [Thread-4    ] [INFO ]  + deploy C:/vPinball/PinUPSystem\PUPVideos\FP_PE_HALLOWEEN_BBM\PuPSounds\ballroll5.wav
2026-06-11 21:13:36,069 [Thread-4    ] [INFO ]  + deploy C:/vPinball/PinUPSystem\PUPVideos\FP_PE_HALLOWEEN_BBM\PuPSounds\fx_BallLaunch.wav
2026-06-11 21:13:36,076 [Thread-4    ] [INFO ]  + deploy C:/vPinball/PinUPSystem\PUPVideos\FP_PE_HALLOWEEN_BBM\PuPSounds\mech_Apron_Bounce_1.wav
2026-06-11 21:13:36,082 [Thread-4    ] [INFO ]  + deploy C:/vPinball/PinUPSystem\PUPVideos\FP_PE_HALLOWEEN_BBM\PuPSounds\mech_Apron_Bounce_2.wav
2026-06-11 21:13:36,088 [Thread-4    ] [INFO ]  + deploy C:/vPinball/PinUPSystem\PUPVideos\FP_PE_HALLOWEEN_BBM\PuPSounds\mech_Apron_Bounce_Soft_1.wav
2026-06-11 21:13:36,094 [Thread-4    ] [INFO ]  + deploy C:/vPinball/PinUPSystem\PUPVideos\FP_PE_HALLOWEEN_BBM\PuPSounds\mech_Apron_Hard_1.wav
2026-06-11 21:13:36,101 [Thread-4    ] [INFO ]  + deploy C:/vPinball/PinUPSystem\PUPVideos\FP_PE_HALLOWEEN_BBM\PuPSounds\mech_Apron_Hard_2.wav
2026-06-11 21:13:36,107 [Thread-4    ] [INFO ]  + deploy C:/vPinball/PinUPSystem\PUPVideos\FP_PE_HALLOWEEN_BBM\PuPSounds\mech_Apron_Hard_3.wav
2026-06-11 21:13:36,113 [Thread-4    ] [INFO ]  + deploy C:/vPinball/PinUPSystem\PUPVideos\FP_PE_HALLOWEEN_BBM\PuPSounds\mech_Apron_Hard_4.wav
2026-06-11 21:13:36,124 [Thread-4    ] [INFO ]  + deploy C:/vPinball/PinUPSystem\PUPVideos\FP_PE_HALLOWEEN_BBM\PuPSounds\mech_Apron_Hard_Hit_1.wav
2026-06-11 21:13:36,132 [Thread-4    ] [INFO ]  + deploy C:/vPinball/PinUPSystem\PUPVideos\FP_PE_HALLOWEEN_BBM\PuPSounds\mech_Apron_Hard_Hit_2.wav
2026-06-11 21:13:36,140 [Thread-4    ] [INFO ]  + deploy C:/vPinball/PinUPSystem\PUPVideos\FP_PE_HALLOWEEN_BBM\PuPSounds\mech_Apron_Hard_Hit_3.wav
2026-06-11 21:13:36,147 [Thread-4    ] [INFO ]  + deploy C:/vPinball/PinUPSystem\PUPVideos\FP_PE_HALLOWEEN_BBM\PuPSounds\mech_Apron_Medium_1.wav
2026-06-11 21:13:36,153 [Thread-4    ] [INFO ]  + deploy C:/vPinball/PinUPSystem\PUPVideos\FP_PE_HALLOWEEN_BBM\PuPSounds\mech_Apron_Medium_2.wav
2026-06-11 21:13:36,161 [Thread-4    ] [INFO ]  + deploy C:/vPinball/PinUPSystem\PUPVideos\FP_PE_HALLOWEEN_BBM\PuPSounds\mech_Apron_Medium_3.wav
2026-06-11 21:13:36,170 [Thread-4    ] [INFO ]  + deploy C:/vPinball/PinUPSystem\PUPVideos\FP_PE_HALLOWEEN_BBM\PuPSounds\mech_Apron_Soft_1.wav
2026-06-11 21:13:36,177 [Thread-4    ] [INFO ]  + deploy C:/vPinball/PinUPSystem\PUPVideos\FP_PE_HALLOWEEN_BBM\PuPSounds\mech_Apron_Soft_2.wav
2026-06-11 21:13:36,184 [Thread-4    ] [INFO ]  + deploy C:/vPinball/PinUPSystem\PUPVideos\FP_PE_HALLOWEEN_BBM\PuPSounds\mech_Apron_Soft_3.wav
2026-06-11 21:13:36,192 [Thread-4    ] [INFO ]  + deploy C:/vPinball/PinUPSystem\PUPVideos\FP_PE_HALLOWEEN_BBM\PuPSounds\mech_Apron_Soft_4.wav
2026-06-11 21:13:36,199 [Thread-4    ] [INFO ]  + deploy C:/vPinball/PinUPSystem\PUPVideos\FP_PE_HALLOWEEN_BBM\PuPSounds\mech_Apron_Soft_5.wav
2026-06-11 21:13:36,206 [Thread-4    ] [INFO ]  + deploy C:/vPinball/PinUPSystem\PUPVideos\FP_PE_HALLOWEEN_BBM\PuPSounds\mech_Apron_Soft_6.wav
2026-06-11 21:13:36,212 [Thread-4    ] [INFO ]  + deploy C:/vPinball/PinUPSystem\PUPVideos\FP_PE_HALLOWEEN_BBM\PuPSounds\mech_Apron_Soft_7.wav
2026-06-11 21:13:36,218 [Thread-4    ] [INFO ]  + deploy C:/vPinball/PinUPSystem\PUPVideos\FP_PE_HALLOWEEN_BBM\PuPSounds\mech_Arch_L1.wav
2026-06-11 21:13:36,224 [Thread-4    ] [INFO ]  + deploy C:/vPinball/PinUPSystem\PUPVideos\FP_PE_HALLOWEEN_BBM\PuPSounds\mech_Arch_L2.wav
2026-06-11 21:13:36,231 [Thread-4    ] [INFO ]  + deploy C:/vPinball/PinUPSystem\PUPVideos\FP_PE_HALLOWEEN_BBM\PuPSounds\mech_Arch_L3.wav
2026-06-11 21:13:36,237 [Thread-4    ] [INFO ]  + deploy C:/vPinball/PinUPSystem\PUPVideos\FP_PE_HALLOWEEN_BBM\PuPSounds\mech_Arch_L4.wav
2026-06-11 21:13:36,244 [Thread-4    ] [INFO ]  + deploy C:/vPinball/PinUPSystem\PUPVideos\FP_PE_HALLOWEEN_BBM\PuPSounds\mech_Arch_R1.wav
2026-06-11 21:13:36,250 [Thread-4    ] [INFO ]  + deploy C:/vPinball/PinUPSystem\PUPVideos\FP_PE_HALLOWEEN_BBM\PuPSounds\mech_Arch_R2.wav
2026-06-11 21:13:36,257 [Thread-4    ] [INFO ]  + deploy C:/vPinball/PinUPSystem\PUPVideos\FP_PE_HALLOWEEN_BBM\PuPSounds\mech_Arch_R3.wav
2026-06-11 21:13:36,263 [Thread-4    ] [INFO ]  + deploy C:/vPinball/PinUPSystem\PUPVideos\FP_PE_HALLOWEEN_BBM\PuPSounds\mech_Arch_R4.wav
2026-06-11 21:13:36,271 [Thread-4    ] [INFO ]  + deploy C:/vPinball/PinUPSystem\PUPVideos\FP_PE_HALLOWEEN_BBM\PuPSounds\mech_BallRelease1.wav
2026-06-11 21:13:36,277 [Thread-4    ] [INFO ]  + deploy C:/vPinball/PinUPSystem\PUPVideos\FP_PE_HALLOWEEN_BBM\PuPSounds\mech_BallRelease2.wav
2026-06-11 21:13:36,284 [Thread-4    ] [INFO ]  + deploy C:/vPinball/PinUPSystem\PUPVideos\FP_PE_HALLOWEEN_BBM\PuPSounds\mech_BallRelease3.wav
2026-06-11 21:13:36,291 [Thread-4    ] [INFO ]  + deploy C:/vPinball/PinUPSystem\PUPVideos\FP_PE_HALLOWEEN_BBM\PuPSounds\mech_BallRelease4.wav
2026-06-11 21:13:36,299 [Thread-4    ] [INFO ]  + deploy C:/vPinball/PinUPSystem\PUPVideos\FP_PE_HALLOWEEN_BBM\PuPSounds\mech_BallRelease5.wav
2026-06-11 21:13:36,308 [Thread-4    ] [INFO ]  + deploy C:/vPinball/PinUPSystem\PUPVideos\FP_PE_HALLOWEEN_BBM\PuPSounds\mech_BallRelease6.wav
2026-06-11 21:13:36,314 [Thread-4    ] [INFO ]  + deploy C:/vPinball/PinUPSystem\PUPVideos\FP_PE_HALLOWEEN_BBM\PuPSounds\mech_BallRelease7.wav
2026-06-11 21:13:36,321 [Thread-4    ] [INFO ]  + deploy C:/vPinball/PinUPSystem\PUPVideos\FP_PE_HALLOWEEN_BBM\PuPSounds\mech_BallRoll_0.wav
2026-06-11 21:13:36,327 [Thread-4    ] [INFO ]  + deploy C:/vPinball/PinUPSystem\PUPVideos\FP_PE_HALLOWEEN_BBM\PuPSounds\mech_BallRoll_1.wav
2026-06-11 21:13:36,332 [Thread-4    ] [INFO ]  + deploy C:/vPinball/PinUPSystem\PUPVideos\FP_PE_HALLOWEEN_BBM\PuPSounds\mech_BallRoll_10.wav
2026-06-11 21:13:36,339 [Thread-4    ] [INFO ]  + deploy C:/vPinball/PinUPSystem\PUPVideos\FP_PE_HALLOWEEN_BBM\PuPSounds\mech_BallRoll_11.wav
2026-06-11 21:13:36,345 [Thread-4    ] [INFO ]  + deploy C:/vPinball/PinUPSystem\PUPVideos\FP_PE_HALLOWEEN_BBM\PuPSounds\mech_BallRoll_2.wav
2026-06-11 21:13:36,352 [Thread-4    ] [INFO ]  + deploy C:/vPinball/PinUPSystem\PUPVideos\FP_PE_HALLOWEEN_BBM\PuPSounds\mech_BallRoll_3.wav
2026-06-11 21:13:36,358 [Thread-4    ] [INFO ]  + deploy C:/vPinball/PinUPSystem\PUPVideos\FP_PE_HALLOWEEN_BBM\PuPSounds\mech_BallRoll_4.wav
2026-06-11 21:13:36,365 [Thread-4    ] [INFO ]  + deploy C:/vPinball/PinUPSystem\PUPVideos\FP_PE_HALLOWEEN_BBM\PuPSounds\mech_BallRoll_5.wav
2026-06-11 21:13:36,371 [Thread-4    ] [INFO ]  + deploy C:/vPinball/PinUPSystem\PUPVideos\FP_PE_HALLOWEEN_BBM\PuPSounds\mech_BallRoll_6.wav
2026-06-11 21:13:36,378 [Thread-4    ] [INFO ]  + deploy C:/vPinball/PinUPSystem\PUPVideos\FP_PE_HALLOWEEN_BBM\PuPSounds\mech_BallRoll_7.wav
2026-06-11 21:13:36,384 [Thread-4    ] [INFO ]  + deploy C:/vPinball/PinUPSystem\PUPVideos\FP_PE_HALLOWEEN_BBM\PuPSounds\mech_BallRoll_8.wav
2026-06-11 21:13:36,390 [Thread-4    ] [INFO ]  + deploy C:/vPinball/PinUPSystem\PUPVideos\FP_PE_HALLOWEEN_BBM\PuPSounds\mech_BallRoll_9.wav
2026-06-11 21:13:36,397 [Thread-4    ] [INFO ]  + deploy C:/vPinball/PinUPSystem\PUPVideos\FP_PE_HALLOWEEN_BBM\PuPSounds\mech_ballroll_metal.wav
2026-06-11 21:13:36,404 [Thread-4    ] [INFO ]  + deploy C:/vPinball/PinUPSystem\PUPVideos\FP_PE_HALLOWEEN_BBM\PuPSounds\mech_ballroll_plastic.wav
2026-06-11 21:13:36,410 [Thread-4    ] [INFO ]  + deploy C:/vPinball/PinUPSystem\PUPVideos\FP_PE_HALLOWEEN_BBM\PuPSounds\mech_ballroll_wire.wav
2026-06-11 21:13:36,417 [Thread-4    ] [INFO ]  + deploy C:/vPinball/PinUPSystem\PUPVideos\FP_PE_HALLOWEEN_BBM\PuPSounds\mech_ballroll_wire2.wav
2026-06-11 21:13:36,423 [Thread-4    ] [INFO ]  + deploy C:/vPinball/PinUPSystem\PUPVideos\FP_PE_HALLOWEEN_BBM\PuPSounds\mech_ballroll_wood.wav
2026-06-11 21:13:36,431 [Thread-4    ] [INFO ]  + deploy C:/vPinball/PinUPSystem\PUPVideos\FP_PE_HALLOWEEN_BBM\PuPSounds\mech_ballroll_wood2.wav
2026-06-11 21:13:36,438 [Thread-4    ] [INFO ]  + deploy C:/vPinball/PinUPSystem\PUPVideos\FP_PE_HALLOWEEN_BBM\PuPSounds\mech_Ball_Bounce_Playfield_Hard_1.wav
2026-06-11 21:13:36,446 [Thread-4    ] [INFO ]  + deploy C:/vPinball/PinUPSystem\PUPVideos\FP_PE_HALLOWEEN_BBM\PuPSounds\mech_Ball_Bounce_Playfield_Hard_2.wav
2026-06-11 21:13:36,464 [Thread-4    ] [INFO ]  + deploy C:/vPinball/PinUPSystem\PUPVideos\FP_PE_HALLOWEEN_BBM\PuPSounds\mech_Ball_Bounce_Playfield_Hard_3.wav
2026-06-11 21:13:36,471 [Thread-4    ] [INFO ]  + deploy C:/vPinball/PinUPSystem\PUPVideos\FP_PE_HALLOWEEN_BBM\PuPSounds\mech_Ball_Bounce_Playfield_Hard_4.wav
2026-06-11 21:13:36,478 [Thread-4    ] [INFO ]  + deploy C:/vPinball/PinUPSystem\PUPVideos\FP_PE_HALLOWEEN_BBM\PuPSounds\mech_Ball_Bounce_Playfield_Hard_5.wav
2026-06-11 21:13:36,487 [Thread-4    ] [INFO ]  + deploy C:/vPinball/PinUPSystem\PUPVideos\FP_PE_HALLOWEEN_BBM\PuPSounds\mech_Ball_Bounce_Playfield_Hard_6.wav
2026-06-11 21:13:36,494 [Thread-4    ] [INFO ]  + deploy C:/vPinball/PinUPSystem\PUPVideos\FP_PE_HALLOWEEN_BBM\PuPSounds\mech_Ball_Bounce_Playfield_Hard_7.wav
2026-06-11 21:13:36,502 [Thread-4    ] [INFO ]  + deploy C:/vPinball/PinUPSystem\PUPVideos\FP_PE_HALLOWEEN_BBM\PuPSounds\mech_Ball_Bounce_Playfield_Soft_1.wav
2026-06-11 21:13:36,510 [Thread-4    ] [INFO ]  + deploy C:/vPinball/PinUPSystem\PUPVideos\FP_PE_HALLOWEEN_BBM\PuPSounds\mech_Ball_Bounce_Playfield_Soft_2.wav
2026-06-11 21:13:36,520 [Thread-4    ] [INFO ]  + deploy C:/vPinball/PinUPSystem\PUPVideos\FP_PE_HALLOWEEN_BBM\PuPSounds\mech_Ball_Bounce_Playfield_Soft_3.wav
2026-06-11 21:13:36,528 [Thread-4    ] [INFO ]  + deploy C:/vPinball/PinUPSystem\PUPVideos\FP_PE_HALLOWEEN_BBM\PuPSounds\mech_Ball_Bounce_Playfield_Soft_4.wav
2026-06-11 21:13:36,535 [Thread-4    ] [INFO ]  + deploy C:/vPinball/PinUPSystem\PUPVideos\FP_PE_HALLOWEEN_BBM\PuPSounds\mech_Ball_Bounce_Playfield_Soft_5.wav
2026-06-11 21:13:36,543 [Thread-4    ] [INFO ]  + deploy C:/vPinball/PinUPSystem\PUPVideos\FP_PE_HALLOWEEN_BBM\PuPSounds\mech_Ball_Collide_1.wav
2026-06-11 21:13:36,550 [Thread-4    ] [INFO ]  + deploy C:/vPinball/PinUPSystem\PUPVideos\FP_PE_HALLOWEEN_BBM\PuPSounds\mech_Ball_Collide_2.wav
2026-06-11 21:13:36,558 [Thread-4    ] [INFO ]  + deploy C:/vPinball/PinUPSystem\PUPVideos\FP_PE_HALLOWEEN_BBM\PuPSounds\mech_Ball_Collide_3.wav
2026-06-11 21:13:36,565 [Thread-4    ] [INFO ]  + deploy C:/vPinball/PinUPSystem\PUPVideos\FP_PE_HALLOWEEN_BBM\PuPSounds\mech_Ball_Collide_4.wav
2026-06-11 21:13:36,572 [Thread-4    ] [INFO ]  + deploy C:/vPinball/PinUPSystem\PUPVideos\FP_PE_HALLOWEEN_BBM\PuPSounds\mech_Ball_Collide_5.wav
2026-06-11 21:13:36,579 [Thread-4    ] [INFO ]  + deploy C:/vPinball/PinUPSystem\PUPVideos\FP_PE_HALLOWEEN_BBM\PuPSounds\mech_Ball_Collide_6.wav
2026-06-11 21:13:36,586 [Thread-4    ] [INFO ]  + deploy C:/vPinball/PinUPSystem\PUPVideos\FP_PE_HALLOWEEN_BBM\PuPSounds\mech_Ball_Collide_7.wav
2026-06-11 21:13:36,593 [Thread-4    ] [INFO ]  + deploy C:/vPinball/PinUPSystem\PUPVideos\FP_PE_HALLOWEEN_BBM\PuPSounds\mech_Ball_Drop_1.wav
2026-06-11 21:13:36,600 [Thread-4    ] [INFO ]  + deploy C:/vPinball/PinUPSystem\PUPVideos\FP_PE_HALLOWEEN_BBM\PuPSounds\mech_Ball_Drop_2.wav
2026-06-11 21:13:36,607 [Thread-4    ] [INFO ]  + deploy C:/vPinball/PinUPSystem\PUPVideos\FP_PE_HALLOWEEN_BBM\PuPSounds\mech_Ball_Drop_3.wav
2026-06-11 21:13:36,613 [Thread-4    ] [INFO ]  + deploy C:/vPinball/PinUPSystem\PUPVideos\FP_PE_HALLOWEEN_BBM\PuPSounds\mech_Ball_Drop_4.wav
2026-06-11 21:13:36,620 [Thread-4    ] [INFO ]  + deploy C:/vPinball/PinUPSystem\PUPVideos\FP_PE_HALLOWEEN_BBM\PuPSounds\mech_Ball_Drop_5.wav
2026-06-11 21:13:36,626 [Thread-4    ] [INFO ]  + deploy C:/vPinball/PinUPSystem\PUPVideos\FP_PE_HALLOWEEN_BBM\PuPSounds\mech_Ball_Drop_Playfield_1_Delayed.wav
2026-06-11 21:13:36,633 [Thread-4    ] [INFO ]  + deploy C:/vPinball/PinUPSystem\PUPVideos\FP_PE_HALLOWEEN_BBM\PuPSounds\mech_Ball_Drop_Playfield_2_Delayed.wav
2026-06-11 21:13:36,639 [Thread-4    ] [INFO ]  + deploy C:/vPinball/PinUPSystem\PUPVideos\FP_PE_HALLOWEEN_BBM\PuPSounds\mech_Ball_Drop_Playfield_3_Delayed.wav
2026-06-11 21:13:36,645 [Thread-4    ] [INFO ]  + deploy C:/vPinball/PinUPSystem\PUPVideos\FP_PE_HALLOWEEN_BBM\PuPSounds\mech_Ball_Drop_Playfield_4_Delayed.wav
2026-06-11 21:13:36,651 [Thread-4    ] [INFO ]  + deploy C:/vPinball/PinUPSystem\PUPVideos\FP_PE_HALLOWEEN_BBM\PuPSounds\mech_Ball_Drop_Playfield_5_Delayed.wav
2026-06-11 21:13:36,656 [Thread-4    ] [INFO ]  + deploy C:/vPinball/PinUPSystem\PUPVideos\FP_PE_HALLOWEEN_BBM\PuPSounds\mech_Bumpers_Bottom_1.wav
2026-06-11 21:13:36,662 [Thread-4    ] [INFO ]  + deploy C:/vPinball/PinUPSystem\PUPVideos\FP_PE_HALLOWEEN_BBM\PuPSounds\mech_Bumpers_Bottom_2.wav
2026-06-11 21:13:36,668 [Thread-4    ] [INFO ]  + deploy C:/vPinball/PinUPSystem\PUPVideos\FP_PE_HALLOWEEN_BBM\PuPSounds\mech_Bumpers_Bottom_3.wav
2026-06-11 21:13:36,675 [Thread-4    ] [INFO ]  + deploy C:/vPinball/PinUPSystem\PUPVideos\FP_PE_HALLOWEEN_BBM\PuPSounds\mech_Bumpers_Bottom_4.wav
2026-06-11 21:13:36,680 [Thread-4    ] [INFO ]  + deploy C:/vPinball/PinUPSystem\PUPVideos\FP_PE_HALLOWEEN_BBM\PuPSounds\mech_Bumpers_Bottom_5.wav
2026-06-11 21:13:36,686 [Thread-4    ] [INFO ]  + deploy C:/vPinball/PinUPSystem\PUPVideos\FP_PE_HALLOWEEN_BBM\PuPSounds\mech_Bumpers_Middle_1.wav
2026-06-11 21:13:36,692 [Thread-4    ] [INFO ]  + deploy C:/vPinball/PinUPSystem\PUPVideos\FP_PE_HALLOWEEN_BBM\PuPSounds\mech_Bumpers_Middle_2.wav
2026-06-11 21:13:36,699 [Thread-4    ] [INFO ]  + deploy C:/vPinball/PinUPSystem\PUPVideos\FP_PE_HALLOWEEN_BBM\PuPSounds\mech_Bumpers_Middle_3.wav
2026-06-11 21:13:36,705 [Thread-4    ] [INFO ]  + deploy C:/vPinball/PinUPSystem\PUPVideos\FP_PE_HALLOWEEN_BBM\PuPSounds\mech_Bumpers_Middle_4.wav
2026-06-11 21:13:36,710 [Thread-4    ] [INFO ]  + deploy C:/vPinball/PinUPSystem\PUPVideos\FP_PE_HALLOWEEN_BBM\PuPSounds\mech_Bumpers_Middle_5.wav
2026-06-11 21:13:36,718 [Thread-4    ] [INFO ]  + deploy C:/vPinball/PinUPSystem\PUPVideos\FP_PE_HALLOWEEN_BBM\PuPSounds\mech_Bumpers_Top_1.wav
2026-06-11 21:13:36,723 [Thread-4    ] [INFO ]  + deploy C:/vPinball/PinUPSystem\PUPVideos\FP_PE_HALLOWEEN_BBM\PuPSounds\mech_Bumpers_Top_2.wav
2026-06-11 21:13:36,730 [Thread-4    ] [INFO ]  + deploy C:/vPinball/PinUPSystem\PUPVideos\FP_PE_HALLOWEEN_BBM\PuPSounds\mech_Bumpers_Top_3.wav
2026-06-11 21:13:36,738 [Thread-4    ] [INFO ]  + deploy C:/vPinball/PinUPSystem\PUPVideos\FP_PE_HALLOWEEN_BBM\PuPSounds\mech_Bumpers_Top_4.wav
2026-06-11 21:13:36,744 [Thread-4    ] [INFO ]  + deploy C:/vPinball/PinUPSystem\PUPVideos\FP_PE_HALLOWEEN_BBM\PuPSounds\mech_Bumpers_Top_5.wav
2026-06-11 21:13:36,750 [Thread-4    ] [INFO ]  + deploy C:/vPinball/PinUPSystem\PUPVideos\FP_PE_HALLOWEEN_BBM\PuPSounds\mech_Coin_In_1.wav
2026-06-11 21:13:36,755 [Thread-4    ] [INFO ]  + deploy C:/vPinball/PinUPSystem\PUPVideos\FP_PE_HALLOWEEN_BBM\PuPSounds\mech_Coin_In_2.wav
2026-06-11 21:13:36,763 [Thread-4    ] [INFO ]  + deploy C:/vPinball/PinUPSystem\PUPVideos\FP_PE_HALLOWEEN_BBM\PuPSounds\mech_Coin_In_3.wav
2026-06-11 21:13:36,768 [Thread-4    ] [INFO ]  + deploy C:/vPinball/PinUPSystem\PUPVideos\FP_PE_HALLOWEEN_BBM\PuPSounds\mech_Drain_1.wav
2026-06-11 21:13:36,775 [Thread-4    ] [INFO ]  + deploy C:/vPinball/PinUPSystem\PUPVideos\FP_PE_HALLOWEEN_BBM\PuPSounds\mech_Drain_10.wav
2026-06-11 21:13:36,780 [Thread-4    ] [INFO ]  + deploy C:/vPinball/PinUPSystem\PUPVideos\FP_PE_HALLOWEEN_BBM\PuPSounds\mech_Drain_11.wav
2026-06-11 21:13:36,787 [Thread-4    ] [INFO ]  + deploy C:/vPinball/PinUPSystem\PUPVideos\FP_PE_HALLOWEEN_BBM\PuPSounds\mech_Drain_2.wav
2026-06-11 21:13:36,793 [Thread-4    ] [INFO ]  + deploy C:/vPinball/PinUPSystem\PUPVideos\FP_PE_HALLOWEEN_BBM\PuPSounds\mech_Drain_3.wav
2026-06-11 21:13:36,799 [Thread-4    ] [INFO ]  + deploy C:/vPinball/PinUPSystem\PUPVideos\FP_PE_HALLOWEEN_BBM\PuPSounds\mech_Drain_4.wav
2026-06-11 21:13:36,804 [Thread-4    ] [INFO ]  + deploy C:/vPinball/PinUPSystem\PUPVideos\FP_PE_HALLOWEEN_BBM\PuPSounds\mech_Drain_5.wav
2026-06-11 21:13:36,811 [Thread-4    ] [INFO ]  + deploy C:/vPinball/PinUPSystem\PUPVideos\FP_PE_HALLOWEEN_BBM\PuPSounds\mech_Drain_6.wav
2026-06-11 21:13:36,817 [Thread-4    ] [INFO ]  + deploy C:/vPinball/PinUPSystem\PUPVideos\FP_PE_HALLOWEEN_BBM\PuPSounds\mech_Drain_7.wav
2026-06-11 21:13:36,824 [Thread-4    ] [INFO ]  + deploy C:/vPinball/PinUPSystem\PUPVideos\FP_PE_HALLOWEEN_BBM\PuPSounds\mech_Drain_8.wav
2026-06-11 21:13:36,832 [Thread-4    ] [INFO ]  + deploy C:/vPinball/PinUPSystem\PUPVideos\FP_PE_HALLOWEEN_BBM\PuPSounds\mech_Drain_9.wav
2026-06-11 21:13:36,838 [Thread-4    ] [INFO ]  + deploy C:/vPinball/PinUPSystem\PUPVideos\FP_PE_HALLOWEEN_BBM\PuPSounds\mech_DropTarget_Down.wav
2026-06-11 21:13:36,847 [Thread-4    ] [INFO ]  + deploy C:/vPinball/PinUPSystem\PUPVideos\FP_PE_HALLOWEEN_BBM\PuPSounds\mech_DropTarget_Up.wav
2026-06-11 21:13:36,853 [Thread-4    ] [INFO ]  + deploy C:/vPinball/PinUPSystem\PUPVideos\FP_PE_HALLOWEEN_BBM\PuPSounds\mech_Flipper_Attack-L01.wav
2026-06-11 21:13:36,855 [Thread-4    ] [INFO ]  + deploy C:/vPinball/PinUPSystem\PUPVideos\FP_PE_HALLOWEEN_BBM\PuPSounds\mech_Flipper_Attack-R01.wav
2026-06-11 21:13:36,857 [Thread-4    ] [INFO ]  + deploy C:/vPinball/PinUPSystem\PUPVideos\FP_PE_HALLOWEEN_BBM\PuPSounds\mech_Flipper_L01.wav
2026-06-11 21:13:36,862 [Thread-4    ] [INFO ]  + deploy C:/vPinball/PinUPSystem\PUPVideos\FP_PE_HALLOWEEN_BBM\PuPSounds\mech_Flipper_L02.wav
2026-06-11 21:13:36,868 [Thread-4    ] [INFO ]  + deploy C:/vPinball/PinUPSystem\PUPVideos\FP_PE_HALLOWEEN_BBM\PuPSounds\mech_Flipper_L03.wav
2026-06-11 21:13:36,874 [Thread-4    ] [INFO ]  + deploy C:/vPinball/PinUPSystem\PUPVideos\FP_PE_HALLOWEEN_BBM\PuPSounds\mech_Flipper_L04.wav
2026-06-11 21:13:36,880 [Thread-4    ] [INFO ]  + deploy C:/vPinball/PinUPSystem\PUPVideos\FP_PE_HALLOWEEN_BBM\PuPSounds\mech_Flipper_L05.wav
2026-06-11 21:13:36,887 [Thread-4    ] [INFO ]  + deploy C:/vPinball/PinUPSystem\PUPVideos\FP_PE_HALLOWEEN_BBM\PuPSounds\mech_Flipper_L06.wav
2026-06-11 21:13:36,893 [Thread-4    ] [INFO ]  + deploy C:/vPinball/PinUPSystem\PUPVideos\FP_PE_HALLOWEEN_BBM\PuPSounds\mech_Flipper_L07.wav
2026-06-11 21:13:36,899 [Thread-4    ] [INFO ]  + deploy C:/vPinball/PinUPSystem\PUPVideos\FP_PE_HALLOWEEN_BBM\PuPSounds\mech_Flipper_L08.wav
2026-06-11 21:13:36,905 [Thread-4    ] [INFO ]  + deploy C:/vPinball/PinUPSystem\PUPVideos\FP_PE_HALLOWEEN_BBM\PuPSounds\mech_Flipper_L09.wav
2026-06-11 21:13:36,911 [Thread-4    ] [INFO ]  + deploy C:/vPinball/PinUPSystem\PUPVideos\FP_PE_HALLOWEEN_BBM\PuPSounds\mech_Flipper_L10.wav
2026-06-11 21:13:36,917 [Thread-4    ] [INFO ]  + deploy C:/vPinball/PinUPSystem\PUPVideos\FP_PE_HALLOWEEN_BBM\PuPSounds\mech_Flipper_L11.wav
2026-06-11 21:13:36,923 [Thread-4    ] [INFO ]  + deploy C:/vPinball/PinUPSystem\PUPVideos\FP_PE_HALLOWEEN_BBM\PuPSounds\mech_Flipper_Left_Down_1.wav
2026-06-11 21:13:36,930 [Thread-4    ] [INFO ]  + deploy C:/vPinball/PinUPSystem\PUPVideos\FP_PE_HALLOWEEN_BBM\PuPSounds\mech_Flipper_Left_Down_2.wav
2026-06-11 21:13:36,936 [Thread-4    ] [INFO ]  + deploy C:/vPinball/PinUPSystem\PUPVideos\FP_PE_HALLOWEEN_BBM\PuPSounds\mech_Flipper_Left_Down_3.wav
2026-06-11 21:13:36,943 [Thread-4    ] [INFO ]  + deploy C:/vPinball/PinUPSystem\PUPVideos\FP_PE_HALLOWEEN_BBM\PuPSounds\mech_Flipper_Left_Down_4.wav
2026-06-11 21:13:36,949 [Thread-4    ] [INFO ]  + deploy C:/vPinball/PinUPSystem\PUPVideos\FP_PE_HALLOWEEN_BBM\PuPSounds\mech_Flipper_Left_Down_5.wav
2026-06-11 21:13:36,956 [Thread-4    ] [INFO ]  + deploy C:/vPinball/PinUPSystem\PUPVideos\FP_PE_HALLOWEEN_BBM\PuPSounds\mech_Flipper_Left_Down_6.wav
2026-06-11 21:13:36,962 [Thread-4    ] [INFO ]  + deploy C:/vPinball/PinUPSystem\PUPVideos\FP_PE_HALLOWEEN_BBM\PuPSounds\mech_Flipper_Left_Down_7.wav
2026-06-11 21:13:36,968 [Thread-4    ] [INFO ]  + deploy C:/vPinball/PinUPSystem\PUPVideos\FP_PE_HALLOWEEN_BBM\PuPSounds\mech_Flipper_R01.wav
2026-06-11 21:13:36,975 [Thread-4    ] [INFO ]  + deploy C:/vPinball/PinUPSystem\PUPVideos\FP_PE_HALLOWEEN_BBM\PuPSounds\mech_Flipper_R02.wav
2026-06-11 21:13:36,981 [Thread-4    ] [INFO ]  + deploy C:/vPinball/PinUPSystem\PUPVideos\FP_PE_HALLOWEEN_BBM\PuPSounds\mech_Flipper_R03.wav
2026-06-11 21:13:36,987 [Thread-4    ] [INFO ]  + deploy C:/vPinball/PinUPSystem\PUPVideos\FP_PE_HALLOWEEN_BBM\PuPSounds\mech_Flipper_R04.wav
2026-06-11 21:13:36,993 [Thread-4    ] [INFO ]  + deploy C:/vPinball/PinUPSystem\PUPVideos\FP_PE_HALLOWEEN_BBM\PuPSounds\mech_Flipper_R05.wav
2026-06-11 21:13:36,999 [Thread-4    ] [INFO ]  + deploy C:/vPinball/PinUPSystem\PUPVideos\FP_PE_HALLOWEEN_BBM\PuPSounds\mech_Flipper_R06.wav
2026-06-11 21:13:37,005 [Thread-4    ] [INFO ]  + deploy C:/vPinball/PinUPSystem\PUPVideos\FP_PE_HALLOWEEN_BBM\PuPSounds\mech_Flipper_R07.wav
2026-06-11 21:13:37,011 [Thread-4    ] [INFO ]  + deploy C:/vPinball/PinUPSystem\PUPVideos\FP_PE_HALLOWEEN_BBM\PuPSounds\mech_Flipper_R08.wav
2026-06-11 21:13:37,016 [Thread-4    ] [INFO ]  + deploy C:/vPinball/PinUPSystem\PUPVideos\FP_PE_HALLOWEEN_BBM\PuPSounds\mech_Flipper_R09.wav
2026-06-11 21:13:37,023 [Thread-4    ] [INFO ]  + deploy C:/vPinball/PinUPSystem\PUPVideos\FP_PE_HALLOWEEN_BBM\PuPSounds\mech_Flipper_R10.wav
2026-06-11 21:13:37,029 [Thread-4    ] [INFO ]  + deploy C:/vPinball/PinUPSystem\PUPVideos\FP_PE_HALLOWEEN_BBM\PuPSounds\mech_Flipper_R11.wav
2026-06-11 21:13:37,035 [Thread-4    ] [INFO ]  + deploy C:/vPinball/PinUPSystem\PUPVideos\FP_PE_HALLOWEEN_BBM\PuPSounds\mech_Flipper_ReFlip_L01.wav
2026-06-11 21:13:37,041 [Thread-4    ] [INFO ]  + deploy C:/vPinball/PinUPSystem\PUPVideos\FP_PE_HALLOWEEN_BBM\PuPSounds\mech_Flipper_ReFlip_L02.wav
2026-06-11 21:13:37,049 [Thread-4    ] [INFO ]  + deploy C:/vPinball/PinUPSystem\PUPVideos\FP_PE_HALLOWEEN_BBM\PuPSounds\mech_Flipper_ReFlip_L03.wav
2026-06-11 21:13:37,059 [Thread-4    ] [INFO ]  + deploy C:/vPinball/PinUPSystem\PUPVideos\FP_PE_HALLOWEEN_BBM\PuPSounds\mech_Flipper_ReFlip_R01.wav
2026-06-11 21:13:37,068 [Thread-4    ] [INFO ]  + deploy C:/vPinball/PinUPSystem\PUPVideos\FP_PE_HALLOWEEN_BBM\PuPSounds\mech_Flipper_ReFlip_R02.wav
2026-06-11 21:13:37,074 [Thread-4    ] [INFO ]  + deploy C:/vPinball/PinUPSystem\PUPVideos\FP_PE_HALLOWEEN_BBM\PuPSounds\mech_Flipper_ReFlip_R03.wav
2026-06-11 21:13:37,080 [Thread-4    ] [INFO ]  + deploy C:/vPinball/PinUPSystem\PUPVideos\FP_PE_HALLOWEEN_BBM\PuPSounds\mech_Flipper_Right_Down_1.wav
2026-06-11 21:13:37,086 [Thread-4    ] [INFO ]  + deploy C:/vPinball/PinUPSystem\PUPVideos\FP_PE_HALLOWEEN_BBM\PuPSounds\mech_Flipper_Right_Down_2.wav
2026-06-11 21:13:37,092 [Thread-4    ] [INFO ]  + deploy C:/vPinball/PinUPSystem\PUPVideos\FP_PE_HALLOWEEN_BBM\PuPSounds\mech_Flipper_Right_Down_3.wav
2026-06-11 21:13:37,098 [Thread-4    ] [INFO ]  + deploy C:/vPinball/PinUPSystem\PUPVideos\FP_PE_HALLOWEEN_BBM\PuPSounds\mech_Flipper_Right_Down_4.wav
2026-06-11 21:13:37,105 [Thread-4    ] [INFO ]  + deploy C:/vPinball/PinUPSystem\PUPVideos\FP_PE_HALLOWEEN_BBM\PuPSounds\mech_Flipper_Right_Down_5.wav
2026-06-11 21:13:37,111 [Thread-4    ] [INFO ]  + deploy C:/vPinball/PinUPSystem\PUPVideos\FP_PE_HALLOWEEN_BBM\PuPSounds\mech_Flipper_Right_Down_6.wav
2026-06-11 21:13:37,117 [Thread-4    ] [INFO ]  + deploy C:/vPinball/PinUPSystem\PUPVideos\FP_PE_HALLOWEEN_BBM\PuPSounds\mech_Flipper_Right_Down_7.wav
2026-06-11 21:13:37,122 [Thread-4    ] [INFO ]  + deploy C:/vPinball/PinUPSystem\PUPVideos\FP_PE_HALLOWEEN_BBM\PuPSounds\mech_Flipper_Right_Down_8.wav
2026-06-11 21:13:37,129 [Thread-4    ] [INFO ]  + deploy C:/vPinball/PinUPSystem\PUPVideos\FP_PE_HALLOWEEN_BBM\PuPSounds\mech_Flipper_Rubber_1.wav
2026-06-11 21:13:37,136 [Thread-4    ] [INFO ]  + deploy C:/vPinball/PinUPSystem\PUPVideos\FP_PE_HALLOWEEN_BBM\PuPSounds\mech_Flipper_Rubber_2.wav
2026-06-11 21:13:37,141 [Thread-4    ] [INFO ]  + deploy C:/vPinball/PinUPSystem\PUPVideos\FP_PE_HALLOWEEN_BBM\PuPSounds\mech_Flipper_Rubber_3.wav
2026-06-11 21:13:37,147 [Thread-4    ] [INFO ]  + deploy C:/vPinball/PinUPSystem\PUPVideos\FP_PE_HALLOWEEN_BBM\PuPSounds\mech_Flipper_Rubber_4.wav
2026-06-11 21:13:37,154 [Thread-4    ] [INFO ]  + deploy C:/vPinball/PinUPSystem\PUPVideos\FP_PE_HALLOWEEN_BBM\PuPSounds\mech_Flipper_Rubber_5.wav
2026-06-11 21:13:37,160 [Thread-4    ] [INFO ]  + deploy C:/vPinball/PinUPSystem\PUPVideos\FP_PE_HALLOWEEN_BBM\PuPSounds\mech_Flipper_Rubber_6.wav
2026-06-11 21:13:37,165 [Thread-4    ] [INFO ]  + deploy C:/vPinball/PinUPSystem\PUPVideos\FP_PE_HALLOWEEN_BBM\PuPSounds\mech_Flipper_Rubber_7.wav
2026-06-11 21:13:37,172 [Thread-4    ] [INFO ]  + deploy C:/vPinball/PinUPSystem\PUPVideos\FP_PE_HALLOWEEN_BBM\PuPSounds\mech_Gate_1.wav
2026-06-11 21:13:37,179 [Thread-4    ] [INFO ]  + deploy C:/vPinball/PinUPSystem\PUPVideos\FP_PE_HALLOWEEN_BBM\PuPSounds\mech_Gate_2.wav
2026-06-11 21:13:37,184 [Thread-4    ] [INFO ]  + deploy C:/vPinball/PinUPSystem\PUPVideos\FP_PE_HALLOWEEN_BBM\PuPSounds\mech_Gate_FastTrigger_1.wav
2026-06-11 21:13:37,190 [Thread-4    ] [INFO ]  + deploy C:/vPinball/PinUPSystem\PUPVideos\FP_PE_HALLOWEEN_BBM\PuPSounds\mech_Gate_FastTrigger_2.wav
2026-06-11 21:13:37,196 [Thread-4    ] [INFO ]  + deploy C:/vPinball/PinUPSystem\PUPVideos\FP_PE_HALLOWEEN_BBM\PuPSounds\mech_Knocker.wav
2026-06-11 21:13:37,203 [Thread-4    ] [INFO ]  + deploy C:/vPinball/PinUPSystem\PUPVideos\FP_PE_HALLOWEEN_BBM\PuPSounds\mech_Knocker_1.wav
2026-06-11 21:13:37,208 [Thread-4    ] [INFO ]  + deploy C:/vPinball/PinUPSystem\PUPVideos\FP_PE_HALLOWEEN_BBM\PuPSounds\mech_Metal_Touch_1.wav
2026-06-11 21:13:37,215 [Thread-4    ] [INFO ]  + deploy C:/vPinball/PinUPSystem\PUPVideos\FP_PE_HALLOWEEN_BBM\PuPSounds\mech_Metal_Touch_10.wav
2026-06-11 21:13:37,221 [Thread-4    ] [INFO ]  + deploy C:/vPinball/PinUPSystem\PUPVideos\FP_PE_HALLOWEEN_BBM\PuPSounds\mech_Metal_Touch_11.wav
2026-06-11 21:13:37,227 [Thread-4    ] [INFO ]  + deploy C:/vPinball/PinUPSystem\PUPVideos\FP_PE_HALLOWEEN_BBM\PuPSounds\mech_Metal_Touch_12.wav
2026-06-11 21:13:37,235 [Thread-4    ] [INFO ]  + deploy C:/vPinball/PinUPSystem\PUPVideos\FP_PE_HALLOWEEN_BBM\PuPSounds\mech_Metal_Touch_13.wav
2026-06-11 21:13:37,243 [Thread-4    ] [INFO ]  + deploy C:/vPinball/PinUPSystem\PUPVideos\FP_PE_HALLOWEEN_BBM\PuPSounds\mech_Metal_Touch_2.wav
2026-06-11 21:13:37,249 [Thread-4    ] [INFO ]  + deploy C:/vPinball/PinUPSystem\PUPVideos\FP_PE_HALLOWEEN_BBM\PuPSounds\mech_Metal_Touch_3.wav
2026-06-11 21:13:37,255 [Thread-4    ] [INFO ]  + deploy C:/vPinball/PinUPSystem\PUPVideos\FP_PE_HALLOWEEN_BBM\PuPSounds\mech_Metal_Touch_4.wav
2026-06-11 21:13:37,261 [Thread-4    ] [INFO ]  + deploy C:/vPinball/PinUPSystem\PUPVideos\FP_PE_HALLOWEEN_BBM\PuPSounds\mech_Metal_Touch_5.wav
2026-06-11 21:13:37,268 [Thread-4    ] [INFO ]  + deploy C:/vPinball/PinUPSystem\PUPVideos\FP_PE_HALLOWEEN_BBM\PuPSounds\mech_Metal_Touch_6.wav
2026-06-11 21:13:37,275 [Thread-4    ] [INFO ]  + deploy C:/vPinball/PinUPSystem\PUPVideos\FP_PE_HALLOWEEN_BBM\PuPSounds\mech_Metal_Touch_7.wav
2026-06-11 21:13:37,281 [Thread-4    ] [INFO ]  + deploy C:/vPinball/PinUPSystem\PUPVideos\FP_PE_HALLOWEEN_BBM\PuPSounds\mech_Metal_Touch_8.wav
2026-06-11 21:13:37,288 [Thread-4    ] [INFO ]  + deploy C:/vPinball/PinUPSystem\PUPVideos\FP_PE_HALLOWEEN_BBM\PuPSounds\mech_Metal_Touch_9.wav
2026-06-11 21:13:37,294 [Thread-4    ] [INFO ]  + deploy C:/vPinball/PinUPSystem\PUPVideos\FP_PE_HALLOWEEN_BBM\PuPSounds\mech_Nudge_1.wav
2026-06-11 21:13:37,301 [Thread-4    ] [INFO ]  + deploy C:/vPinball/PinUPSystem\PUPVideos\FP_PE_HALLOWEEN_BBM\PuPSounds\mech_Nudge_2.wav
2026-06-11 21:13:37,307 [Thread-4    ] [INFO ]  + deploy C:/vPinball/PinUPSystem\PUPVideos\FP_PE_HALLOWEEN_BBM\PuPSounds\mech_Nudge_3.wav
2026-06-11 21:13:37,314 [Thread-4    ] [INFO ]  + deploy C:/vPinball/PinUPSystem\PUPVideos\FP_PE_HALLOWEEN_BBM\PuPSounds\mech_PlasticRamp.wav
2026-06-11 21:13:37,319 [Thread-4    ] [INFO ]  + deploy C:/vPinball/PinUPSystem\PUPVideos\FP_PE_HALLOWEEN_BBM\PuPSounds\mech_Plastic_Hit_1.wav
2026-06-11 21:13:37,325 [Thread-4    ] [INFO ]  + deploy C:/vPinball/PinUPSystem\PUPVideos\FP_PE_HALLOWEEN_BBM\PuPSounds\mech_Plastic_Hit_2.wav
2026-06-11 21:13:37,331 [Thread-4    ] [INFO ]  + deploy C:/vPinball/PinUPSystem\PUPVideos\FP_PE_HALLOWEEN_BBM\PuPSounds\mech_Plastic_Hit_3.wav
2026-06-11 21:13:37,337 [Thread-4    ] [INFO ]  + deploy C:/vPinball/PinUPSystem\PUPVideos\FP_PE_HALLOWEEN_BBM\PuPSounds\mech_Plunger_Pull_1.wav
2026-06-11 21:13:37,343 [Thread-4    ] [INFO ]  + deploy C:/vPinball/PinUPSystem\PUPVideos\FP_PE_HALLOWEEN_BBM\PuPSounds\mech_Plunger_Release_Ball.wav
2026-06-11 21:13:37,349 [Thread-4    ] [INFO ]  + deploy C:/vPinball/PinUPSystem\PUPVideos\FP_PE_HALLOWEEN_BBM\PuPSounds\mech_Plunger_Release_No_Ball.wav
2026-06-11 21:13:37,355 [Thread-4    ] [INFO ]  + deploy C:/vPinball/PinUPSystem\PUPVideos\FP_PE_HALLOWEEN_BBM\PuPSounds\mech_RampLoop1.wav
2026-06-11 21:13:37,361 [Thread-4    ] [INFO ]  + deploy C:/vPinball/PinUPSystem\PUPVideos\FP_PE_HALLOWEEN_BBM\PuPSounds\mech_RampLoop2.wav
2026-06-11 21:13:37,367 [Thread-4    ] [INFO ]  + deploy C:/vPinball/PinUPSystem\PUPVideos\FP_PE_HALLOWEEN_BBM\PuPSounds\mech_RampLoop3.wav
2026-06-11 21:13:37,374 [Thread-4    ] [INFO ]  + deploy C:/vPinball/PinUPSystem\PUPVideos\FP_PE_HALLOWEEN_BBM\PuPSounds\mech_RampLoop4.wav
2026-06-11 21:13:37,381 [Thread-4    ] [INFO ]  + deploy C:/vPinball/PinUPSystem\PUPVideos\FP_PE_HALLOWEEN_BBM\PuPSounds\mech_RampLoop5.wav
2026-06-11 21:13:37,387 [Thread-4    ] [INFO ]  + deploy C:/vPinball/PinUPSystem\PUPVideos\FP_PE_HALLOWEEN_BBM\PuPSounds\mech_RampLoop6.wav
2026-06-11 21:13:37,394 [Thread-4    ] [INFO ]  + deploy C:/vPinball/PinUPSystem\PUPVideos\FP_PE_HALLOWEEN_BBM\PuPSounds\mech_RampStart.wav
2026-06-11 21:13:37,400 [Thread-4    ] [INFO ]  + deploy C:/vPinball/PinUPSystem\PUPVideos\FP_PE_HALLOWEEN_BBM\PuPSounds\mech_Rollover_1.wav
2026-06-11 21:13:37,406 [Thread-4    ] [INFO ]  + deploy C:/vPinball/PinUPSystem\PUPVideos\FP_PE_HALLOWEEN_BBM\PuPSounds\mech_Rollover_2.wav
2026-06-11 21:13:37,412 [Thread-4    ] [INFO ]  + deploy C:/vPinball/PinUPSystem\PUPVideos\FP_PE_HALLOWEEN_BBM\PuPSounds\mech_Rollover_3.wav
2026-06-11 21:13:37,418 [Thread-4    ] [INFO ]  + deploy C:/vPinball/PinUPSystem\PUPVideos\FP_PE_HALLOWEEN_BBM\PuPSounds\mech_Rollover_4.wav
2026-06-11 21:13:37,424 [Thread-4    ] [INFO ]  + deploy C:/vPinball/PinUPSystem\PUPVideos\FP_PE_HALLOWEEN_BBM\PuPSounds\mech_Rubber_1.wav
2026-06-11 21:13:37,429 [Thread-4    ] [INFO ]  + deploy C:/vPinball/PinUPSystem\PUPVideos\FP_PE_HALLOWEEN_BBM\PuPSounds\mech_Rubber_1_Hard.wav
2026-06-11 21:13:37,435 [Thread-4    ] [INFO ]  + deploy C:/vPinball/PinUPSystem\PUPVideos\FP_PE_HALLOWEEN_BBM\PuPSounds\mech_Rubber_2.wav
2026-06-11 21:13:37,441 [Thread-4    ] [INFO ]  + deploy C:/vPinball/PinUPSystem\PUPVideos\FP_PE_HALLOWEEN_BBM\PuPSounds\mech_Rubber_3.wav
2026-06-11 21:13:37,447 [Thread-4    ] [INFO ]  + deploy C:/vPinball/PinUPSystem\PUPVideos\FP_PE_HALLOWEEN_BBM\PuPSounds\mech_Rubber_4.wav
2026-06-11 21:13:37,454 [Thread-4    ] [INFO ]  + deploy C:/vPinball/PinUPSystem\PUPVideos\FP_PE_HALLOWEEN_BBM\PuPSounds\mech_Rubber_5.wav
2026-06-11 21:13:37,459 [Thread-4    ] [INFO ]  + deploy C:/vPinball/PinUPSystem\PUPVideos\FP_PE_HALLOWEEN_BBM\PuPSounds\mech_Rubber_6.wav
2026-06-11 21:13:37,465 [Thread-4    ] [INFO ]  + deploy C:/vPinball/PinUPSystem\PUPVideos\FP_PE_HALLOWEEN_BBM\PuPSounds\mech_Rubber_7.wav
2026-06-11 21:13:37,470 [Thread-4    ] [INFO ]  + deploy C:/vPinball/PinUPSystem\PUPVideos\FP_PE_HALLOWEEN_BBM\PuPSounds\mech_Rubber_8.wav
2026-06-11 21:13:37,475 [Thread-4    ] [INFO ]  + deploy C:/vPinball/PinUPSystem\PUPVideos\FP_PE_HALLOWEEN_BBM\PuPSounds\mech_Rubber_9.wav
2026-06-11 21:13:37,482 [Thread-4    ] [INFO ]  + deploy C:/vPinball/PinUPSystem\PUPVideos\FP_PE_HALLOWEEN_BBM\PuPSounds\mech_Rubber_Strong_1.wav
2026-06-11 21:13:37,488 [Thread-4    ] [INFO ]  + deploy C:/vPinball/PinUPSystem\PUPVideos\FP_PE_HALLOWEEN_BBM\PuPSounds\mech_Rubber_Strong_2.wav
2026-06-11 21:13:37,495 [Thread-4    ] [INFO ]  + deploy C:/vPinball/PinUPSystem\PUPVideos\FP_PE_HALLOWEEN_BBM\PuPSounds\mech_Rubber_Strong_3.wav
2026-06-11 21:13:37,501 [Thread-4    ] [INFO ]  + deploy C:/vPinball/PinUPSystem\PUPVideos\FP_PE_HALLOWEEN_BBM\PuPSounds\mech_Rubber_Strong_4.wav
2026-06-11 21:13:37,507 [Thread-4    ] [INFO ]  + deploy C:/vPinball/PinUPSystem\PUPVideos\FP_PE_HALLOWEEN_BBM\PuPSounds\mech_Rubber_Strong_5.wav
2026-06-11 21:13:37,513 [Thread-4    ] [INFO ]  + deploy C:/vPinball/PinUPSystem\PUPVideos\FP_PE_HALLOWEEN_BBM\PuPSounds\mech_Rubber_Strong_6.wav
2026-06-11 21:13:37,520 [Thread-4    ] [INFO ]  + deploy C:/vPinball/PinUPSystem\PUPVideos\FP_PE_HALLOWEEN_BBM\PuPSounds\mech_Rubber_Strong_7.wav
2026-06-11 21:13:37,526 [Thread-4    ] [INFO ]  + deploy C:/vPinball/PinUPSystem\PUPVideos\FP_PE_HALLOWEEN_BBM\PuPSounds\mech_Rubber_Strong_8.wav
2026-06-11 21:13:37,532 [Thread-4    ] [INFO ]  + deploy C:/vPinball/PinUPSystem\PUPVideos\FP_PE_HALLOWEEN_BBM\PuPSounds\mech_Rubber_Strong_9.wav
2026-06-11 21:13:37,538 [Thread-4    ] [INFO ]  + deploy C:/vPinball/PinUPSystem\PUPVideos\FP_PE_HALLOWEEN_BBM\PuPSounds\mech_Saucer_Empty.wav
2026-06-11 21:13:37,543 [Thread-4    ] [INFO ]  + deploy C:/vPinball/PinUPSystem\PUPVideos\FP_PE_HALLOWEEN_BBM\PuPSounds\mech_Saucer_Enter_1.wav
2026-06-11 21:13:37,549 [Thread-4    ] [INFO ]  + deploy C:/vPinball/PinUPSystem\PUPVideos\FP_PE_HALLOWEEN_BBM\PuPSounds\mech_Saucer_Enter_2.wav
2026-06-11 21:13:37,556 [Thread-4    ] [INFO ]  + deploy C:/vPinball/PinUPSystem\PUPVideos\FP_PE_HALLOWEEN_BBM\PuPSounds\mech_Saucer_Kick.wav
2026-06-11 21:13:37,561 [Thread-4    ] [INFO ]  + deploy C:/vPinball/PinUPSystem\PUPVideos\FP_PE_HALLOWEEN_BBM\PuPSounds\mech_Sling_L1.wav
2026-06-11 21:13:37,570 [Thread-4    ] [INFO ]  + deploy C:/vPinball/PinUPSystem\PUPVideos\FP_PE_HALLOWEEN_BBM\PuPSounds\mech_Sling_L10.wav
2026-06-11 21:13:37,578 [Thread-4    ] [INFO ]  + deploy C:/vPinball/PinUPSystem\PUPVideos\FP_PE_HALLOWEEN_BBM\PuPSounds\mech_Sling_L2.wav
2026-06-11 21:13:37,585 [Thread-4    ] [INFO ]  + deploy C:/vPinball/PinUPSystem\PUPVideos\FP_PE_HALLOWEEN_BBM\PuPSounds\mech_Sling_L3.wav
2026-06-11 21:13:37,594 [Thread-4    ] [INFO ]  + deploy C:/vPinball/PinUPSystem\PUPVideos\FP_PE_HALLOWEEN_BBM\PuPSounds\mech_Sling_L4.wav
2026-06-11 21:13:37,603 [Thread-4    ] [INFO ]  + deploy C:/vPinball/PinUPSystem\PUPVideos\FP_PE_HALLOWEEN_BBM\PuPSounds\mech_Sling_L5.wav
2026-06-11 21:13:37,615 [Thread-4    ] [INFO ]  + deploy C:/vPinball/PinUPSystem\PUPVideos\FP_PE_HALLOWEEN_BBM\PuPSounds\mech_Sling_L6.wav
2026-06-11 21:13:37,630 [Thread-4    ] [INFO ]  + deploy C:/vPinball/PinUPSystem\PUPVideos\FP_PE_HALLOWEEN_BBM\PuPSounds\mech_Sling_L7.wav
2026-06-11 21:13:37,642 [Thread-4    ] [INFO ]  + deploy C:/vPinball/PinUPSystem\PUPVideos\FP_PE_HALLOWEEN_BBM\PuPSounds\mech_Sling_L8.wav
2026-06-11 21:13:37,651 [Thread-4    ] [INFO ]  + deploy C:/vPinball/PinUPSystem\PUPVideos\FP_PE_HALLOWEEN_BBM\PuPSounds\mech_Sling_L9.wav
2026-06-11 21:13:37,662 [Thread-4    ] [INFO ]  + deploy C:/vPinball/PinUPSystem\PUPVideos\FP_PE_HALLOWEEN_BBM\PuPSounds\mech_Sling_R1.wav
2026-06-11 21:13:37,672 [Thread-4    ] [INFO ]  + deploy C:/vPinball/PinUPSystem\PUPVideos\FP_PE_HALLOWEEN_BBM\PuPSounds\mech_Sling_R2.wav
2026-06-11 21:13:37,680 [Thread-4    ] [INFO ]  + deploy C:/vPinball/PinUPSystem\PUPVideos\FP_PE_HALLOWEEN_BBM\PuPSounds\mech_Sling_R3.wav
2026-06-11 21:13:37,690 [Thread-4    ] [INFO ]  + deploy C:/vPinball/PinUPSystem\PUPVideos\FP_PE_HALLOWEEN_BBM\PuPSounds\mech_Sling_R4.wav
2026-06-11 21:13:37,699 [Thread-4    ] [INFO ]  + deploy C:/vPinball/PinUPSystem\PUPVideos\FP_PE_HALLOWEEN_BBM\PuPSounds\mech_Sling_R5.wav
2026-06-11 21:13:37,709 [Thread-4    ] [INFO ]  + deploy C:/vPinball/PinUPSystem\PUPVideos\FP_PE_HALLOWEEN_BBM\PuPSounds\mech_Sling_R6.wav
2026-06-11 21:13:37,717 [Thread-4    ] [INFO ]  + deploy C:/vPinball/PinUPSystem\PUPVideos\FP_PE_HALLOWEEN_BBM\PuPSounds\mech_Sling_R7.wav
2026-06-11 21:13:37,725 [Thread-4    ] [INFO ]  + deploy C:/vPinball/PinUPSystem\PUPVideos\FP_PE_HALLOWEEN_BBM\PuPSounds\mech_Sling_R8.wav
2026-06-11 21:13:37,734 [Thread-4    ] [INFO ]  + deploy C:/vPinball/PinUPSystem\PUPVideos\FP_PE_HALLOWEEN_BBM\PuPSounds\mech_Spinner.wav
2026-06-11 21:13:37,741 [Thread-4    ] [INFO ]  + deploy C:/vPinball/PinUPSystem\PUPVideos\FP_PE_HALLOWEEN_BBM\PuPSounds\mech_Start_Button.wav
2026-06-11 21:13:37,749 [Thread-4    ] [INFO ]  + deploy C:/vPinball/PinUPSystem\PUPVideos\FP_PE_HALLOWEEN_BBM\PuPSounds\mech_Target_Hit_1.wav
2026-06-11 21:13:37,757 [Thread-4    ] [INFO ]  + deploy C:/vPinball/PinUPSystem\PUPVideos\FP_PE_HALLOWEEN_BBM\PuPSounds\mech_Target_Hit_2.wav
2026-06-11 21:13:37,764 [Thread-4    ] [INFO ]  + deploy C:/vPinball/PinUPSystem\PUPVideos\FP_PE_HALLOWEEN_BBM\PuPSounds\mech_Target_Hit_3.wav
2026-06-11 21:13:37,772 [Thread-4    ] [INFO ]  + deploy C:/vPinball/PinUPSystem\PUPVideos\FP_PE_HALLOWEEN_BBM\PuPSounds\mech_Target_Hit_4.wav
2026-06-11 21:13:37,787 [Thread-4    ] [INFO ]  + deploy C:/vPinball/PinUPSystem\PUPVideos\FP_PE_HALLOWEEN_BBM\PuPSounds\mech_Target_Hit_5.wav
2026-06-11 21:13:37,797 [Thread-4    ] [INFO ]  + deploy C:/vPinball/PinUPSystem\PUPVideos\FP_PE_HALLOWEEN_BBM\PuPSounds\mech_Target_Hit_6.wav
2026-06-11 21:13:37,814 [Thread-4    ] [INFO ]  + deploy C:/vPinball/PinUPSystem\PUPVideos\FP_PE_HALLOWEEN_BBM\PuPSounds\mech_Target_Hit_7.wav
2026-06-11 21:13:37,826 [Thread-4    ] [INFO ]  + deploy C:/vPinball/PinUPSystem\PUPVideos\FP_PE_HALLOWEEN_BBM\PuPSounds\mech_Target_Hit_8.wav
2026-06-11 21:13:37,834 [Thread-4    ] [INFO ]  + deploy C:/vPinball/PinUPSystem\PUPVideos\FP_PE_HALLOWEEN_BBM\PuPSounds\mech_Target_Hit_9.wav
2026-06-11 21:13:37,842 [Thread-4    ] [INFO ]  + deploy C:/vPinball/PinUPSystem\PUPVideos\FP_PE_HALLOWEEN_BBM\PuPSounds\mech_Wall_Hit_1.wav
2026-06-11 21:13:37,850 [Thread-4    ] [INFO ]  + deploy C:/vPinball/PinUPSystem\PUPVideos\FP_PE_HALLOWEEN_BBM\PuPSounds\mech_Wall_Hit_2.wav
2026-06-11 21:13:37,858 [Thread-4    ] [INFO ]  + deploy C:/vPinball/PinUPSystem\PUPVideos\FP_PE_HALLOWEEN_BBM\PuPSounds\mech_Wall_Hit_3.wav
2026-06-11 21:13:37,865 [Thread-4    ] [INFO ]  + deploy C:/vPinball/PinUPSystem\PUPVideos\FP_PE_HALLOWEEN_BBM\PuPSounds\mech_Wall_Hit_4.wav
2026-06-11 21:13:37,873 [Thread-4    ] [INFO ]  + deploy C:/vPinball/PinUPSystem\PUPVideos\FP_PE_HALLOWEEN_BBM\PuPSounds\mech_Wall_Hit_5.wav
2026-06-11 21:13:37,880 [Thread-4    ] [INFO ]  + deploy C:/vPinball/PinUPSystem\PUPVideos\FP_PE_HALLOWEEN_BBM\PuPSounds\mech_Wall_Hit_6.wav
2026-06-11 21:13:37,886 [Thread-4    ] [INFO ]  + deploy C:/vPinball/PinUPSystem\PUPVideos\FP_PE_HALLOWEEN_BBM\PuPSounds\mech_Wall_Hit_7.wav
2026-06-11 21:13:37,893 [Thread-4    ] [INFO ]  + deploy C:/vPinball/PinUPSystem\PUPVideos\FP_PE_HALLOWEEN_BBM\PuPSounds\mech_Wall_Hit_8.wav
2026-06-11 21:13:37,900 [Thread-4    ] [INFO ]  + deploy C:/vPinball/PinUPSystem\PUPVideos\FP_PE_HALLOWEEN_BBM\PuPSounds\mech_Wall_Hit_9.wav
2026-06-11 21:13:37,908 [Thread-4    ] [INFO ]  + deploy C:/vPinball/PinUPSystem\PUPVideos\FP_PE_HALLOWEEN_BBM\PuPSounds\mech_WireLoop1.wav
2026-06-11 21:13:37,916 [Thread-4    ] [INFO ]  + deploy C:/vPinball/PinUPSystem\PUPVideos\FP_PE_HALLOWEEN_BBM\PuPSounds\mech_WireLoop2.wav
2026-06-11 21:13:37,924 [Thread-4    ] [INFO ]  + deploy C:/vPinball/PinUPSystem\PUPVideos\FP_PE_HALLOWEEN_BBM\PuPSounds\mech_WireLoop3.wav
2026-06-11 21:13:37,931 [Thread-4    ] [INFO ]  + deploy C:/vPinball/PinUPSystem\PUPVideos\FP_PE_HALLOWEEN_BBM\PuPSounds\mech_WireLoop4.wav
2026-06-11 21:13:37,937 [Thread-4    ] [INFO ]  + deploy C:/vPinball/PinUPSystem\PUPVideos\FP_PE_HALLOWEEN_BBM\PuPSounds\mech_WireLoop5.wav
2026-06-11 21:13:37,943 [Thread-4    ] [INFO ]  + deploy C:/vPinball/PinUPSystem\PUPVideos\FP_PE_HALLOWEEN_BBM\PuPSounds\mech_WireLoop6.wav
2026-06-11 21:13:37,949 [Thread-4    ] [INFO ]  + deploy C:/vPinball/PinUPSystem\PUPVideos\FP_PE_HALLOWEEN_BBM\PuPSounds\mech_wireramp_no hit.wav
2026-06-11 21:13:37,956 [Thread-4    ] [INFO ]  + deploy C:/vPinball/PinUPSystem\PUPVideos\FP_PE_HALLOWEEN_BBM\PuPSounds\mech_WireRamp_Stop.wav
2026-06-11 21:13:37,962 [Thread-4    ] [INFO ]  + deploy C:/vPinball/PinUPSystem\PUPVideos\FP_PE_HALLOWEEN_BBM\PuPSounds\mech_WireRamp_Stop2.wav
2026-06-11 21:13:37,970 [Thread-4    ] [INFO ]  + deploy C:/vPinball/PinUPSystem\PUPVideos\FP_PE_HALLOWEEN_BBM\PuPSounds\mech_WireRamp_Stop3.wav
2026-06-11 21:13:37,977 [Thread-4    ] [INFO ]  + deploy C:/vPinball/PinUPSystem\PUPVideos\FP_PE_HALLOWEEN_BBM\PuPSounds\sh_metal_hit1.wav
2026-06-11 21:13:37,985 [Thread-4    ] [INFO ]  + deploy C:/vPinball/PinUPSystem\PUPVideos\FP_PE_HALLOWEEN_BBM\PuPSounds\sh_metal_hit2.wav
2026-06-11 21:13:37,990 [Thread-4    ] [INFO ]  + deploy C:/vPinball/PinUPSystem\PUPVideos\FP_PE_HALLOWEEN_BBM\PuPSounds\sh_metal_hit3.wav
2026-06-11 21:13:37,997 [Thread-4    ] [INFO ]  + deploy C:/vPinball/PinUPSystem\PUPVideos\FP_PE_HALLOWEEN_BBM\PuPSounds\sh_monster_breathe1.wav
2026-06-11 21:13:38,004 [Thread-4    ] [INFO ]  + deploy C:/vPinball/PinUPSystem\PUPVideos\FP_PE_HALLOWEEN_BBM\PuPSounds\sh_monster_dog_howl.wav
2026-06-11 21:13:38,010 [Thread-4    ] [INFO ]  + deploy C:/vPinball/PinUPSystem\PUPVideos\FP_PE_HALLOWEEN_BBM\PuPSounds\sh_monster_growl1.wav
2026-06-11 21:13:38,019 [Thread-4    ] [INFO ]  + deploy C:/vPinball/PinUPSystem\PUPVideos\FP_PE_HALLOWEEN_BBM\PuPSounds\sh_monster_growl2.wav
2026-06-11 21:13:38,026 [Thread-4    ] [INFO ]  + deploy C:/vPinball/PinUPSystem\PUPVideos\FP_PE_HALLOWEEN_BBM\PuPSounds\sh_monster_growl3.wav
2026-06-11 21:13:38,033 [Thread-4    ] [INFO ]  + deploy C:/vPinball/PinUPSystem\PUPVideos\FP_PE_HALLOWEEN_BBM\PuPSounds\sh_monster_growl4.wav
2026-06-11 21:13:38,039 [Thread-4    ] [INFO ]  + deploy C:/vPinball/PinUPSystem\PUPVideos\FP_PE_HALLOWEEN_BBM\PuPSounds\sh_monster_growl5.wav
2026-06-11 21:13:38,046 [Thread-4    ] [INFO ]  + deploy C:/vPinball/PinUPSystem\PUPVideos\FP_PE_HALLOWEEN_BBM\PuPSounds\sh_monster_growl6.wav
2026-06-11 21:13:38,052 [Thread-4    ] [INFO ]  + deploy C:/vPinball/PinUPSystem\PUPVideos\FP_PE_HALLOWEEN_BBM\PuPSounds\sh_monster_growl7.wav
2026-06-11 21:13:38,059 [Thread-4    ] [INFO ]  + deploy C:/vPinball/PinUPSystem\PUPVideos\FP_PE_HALLOWEEN_BBM\PuPSounds\sh_monster_growl8.wav
2026-06-11 21:13:38,066 [Thread-4    ] [INFO ]  + deploy C:/vPinball/PinUPSystem\PUPVideos\FP_PE_HALLOWEEN_BBM\PuPSounds\sh_monster_growl9.wav
2026-06-11 21:13:38,074 [Thread-4    ] [INFO ]  + deploy C:/vPinball/PinUPSystem\PUPVideos\FP_PE_HALLOWEEN_BBM\PuPSounds\sh_monster_scream1.wav
2026-06-11 21:13:38,081 [Thread-4    ] [INFO ]  + deploy C:/vPinball/PinUPSystem\PUPVideos\FP_PE_HALLOWEEN_BBM\PuPSounds\sh_monster_scream2.wav
2026-06-11 21:13:38,088 [Thread-4    ] [INFO ]  + deploy C:/vPinball/PinUPSystem\PUPVideos\FP_PE_HALLOWEEN_BBM\PuPSounds\sh_monster_scream3.wav
2026-06-11 21:13:38,095 [Thread-4    ] [INFO ]  + deploy C:/vPinball/PinUPSystem\PUPVideos\FP_PE_HALLOWEEN_BBM\PuPSounds\sh_monster_scream4.wav
2026-06-11 21:13:38,101 [Thread-4    ] [INFO ]  + deploy C:/vPinball/PinUPSystem\PUPVideos\FP_PE_HALLOWEEN_BBM\PuPSounds\sh_ph_knife_attack1.wav
2026-06-11 21:13:38,107 [Thread-4    ] [INFO ]  + deploy C:/vPinball/PinUPSystem\PUPVideos\FP_PE_HALLOWEEN_BBM\PuPSounds\sh_ph_knife_attack2.wav
2026-06-11 21:13:38,113 [Thread-4    ] [INFO ]  + deploy C:/vPinball/PinUPSystem\PUPVideos\FP_PE_HALLOWEEN_BBM\PuPSounds\sh_ph_knife_retract.wav
2026-06-11 21:13:38,120 [Thread-4    ] [INFO ]  + deploy C:/vPinball/PinUPSystem\PUPVideos\FP_PE_HALLOWEEN_BBM\PuPSounds\sh_ph_miss1.wav
2026-06-11 21:13:38,129 [Thread-4    ] [INFO ]  + deploy C:/vPinball/PinUPSystem\PUPVideos\FP_PE_HALLOWEEN_BBM\SAVE_THE_TEEN
2026-06-11 21:13:38,129 [Thread-4    ] [INFO ]  + deploy C:/vPinball/PinUPSystem\PUPVideos\FP_PE_HALLOWEEN_BBM\SAVE_THE_TEEN\SaveTheTeen.mp4
2026-06-11 21:13:38,139 [Thread-4    ] [INFO ]  + deploy C:/vPinball/PinUPSystem\PUPVideos\FP_PE_HALLOWEEN_BBM\SAVE_THE_TEEN\SaveTheTeen2.mp4
2026-06-11 21:13:38,147 [Thread-4    ] [INFO ]  + deploy C:/vPinball/PinUPSystem\PUPVideos\FP_PE_HALLOWEEN_BBM\SAVE_THE_TEEN\SaveTheTeen3.mp4
2026-06-11 21:13:38,156 [Thread-4    ] [INFO ]  + deploy C:/vPinball/PinUPSystem\PUPVideos\FP_PE_HALLOWEEN_BBM\SAVE_THE_TEEN\SaveTheTeen4.mp4
2026-06-11 21:13:38,164 [Thread-4    ] [INFO ]  + deploy C:/vPinball/PinUPSystem\PUPVideos\FP_PE_HALLOWEEN_BBM\SAVE_THE_TEEN\SaveTheTeen5.mp4
2026-06-11 21:13:38,172 [Thread-4    ] [INFO ]  + deploy C:/vPinball/PinUPSystem\PUPVideos\FP_PE_HALLOWEEN_BBM\ScoreDrain
2026-06-11 21:13:38,174 [Thread-4    ] [INFO ]  + deploy C:/vPinball/PinUPSystem\PUPVideos\FP_PE_HALLOWEEN_BBM\ScoreDrain\StopIt_ScoreDrain_TV.mp4
2026-06-11 21:13:38,184 [Thread-4    ] [INFO ]  + deploy C:/vPinball/PinUPSystem\PUPVideos\FP_PE_HALLOWEEN_BBM\ScoreDrain\StopIt_ScoreDrain_TV_NoText.mp4
2026-06-11 21:13:38,196 [Thread-4    ] [INFO ]  + deploy C:/vPinball/PinUPSystem\PUPVideos\FP_PE_HALLOWEEN_BBM\screens.pup
2026-06-11 21:13:38,198 [Thread-4    ] [INFO ]  + deploy C:/vPinball/PinUPSystem\PUPVideos\FP_PE_HALLOWEEN_BBM\StopIt_Cleared
2026-06-11 21:13:38,198 [Thread-4    ] [INFO ]  + deploy C:/vPinball/PinUPSystem\PUPVideos\FP_PE_HALLOWEEN_BBM\StopIt_Cleared\@StopIt_Cleared_TV.mp4
2026-06-11 21:13:38,204 [Thread-4    ] [INFO ]  + deploy C:/vPinball/PinUPSystem\PUPVideos\FP_PE_HALLOWEEN_BBM\StopIt_Cleared\StopIt_Cleared_TV_NoText.mp4
2026-06-11 21:13:38,211 [Thread-4    ] [INFO ]  + deploy C:/vPinball/PinUPSystem\PUPVideos\FP_PE_HALLOWEEN_BBM\StopIt_SilverShamrock
2026-06-11 21:13:38,212 [Thread-4    ] [INFO ]  + deploy C:/vPinball/PinUPSystem\PUPVideos\FP_PE_HALLOWEEN_BBM\StopIt_SilverShamrock\StopIt_SilverShamrock_TV.mp4
2026-06-11 21:13:38,221 [Thread-4    ] [INFO ]  + deploy C:/vPinball/PinUPSystem\PUPVideos\FP_PE_HALLOWEEN_BBM\StopIt_SilverShamrock\StopIt_SilverShamrock_TV_NoText.mp4
2026-06-11 21:13:38,230 [Thread-4    ] [INFO ]  + deploy C:/vPinball/PinUPSystem\PUPVideos\FP_PE_HALLOWEEN_BBM\StopIt_Start
2026-06-11 21:13:38,234 [Thread-4    ] [INFO ]  + deploy C:/vPinball/PinUPSystem\PUPVideos\FP_PE_HALLOWEEN_BBM\StopIt_Start\StopIt_Start_TV.mp4
2026-06-11 21:13:38,244 [Thread-4    ] [INFO ]  + deploy C:/vPinball/PinUPSystem\PUPVideos\FP_PE_HALLOWEEN_BBM\StopIt_Start\StopIt_Start_TV_NoText.mp4
2026-06-11 21:13:38,253 [Thread-4    ] [INFO ]  + deploy C:/vPinball/PinUPSystem\PUPVideos\FP_PE_HALLOWEEN_BBM\TEENS
2026-06-11 21:13:38,253 [Thread-4    ] [INFO ]  + deploy C:/vPinball/PinUPSystem\PUPVideos\FP_PE_HALLOWEEN_BBM\TEENS\@ALICE IS DEAD.mp4
2026-06-11 21:13:38,261 [Thread-4    ] [INFO ]  + deploy C:/vPinball/PinUPSystem\PUPVideos\FP_PE_HALLOWEEN_BBM\TEENS\@ALICE MARTIN.mp4
2026-06-11 21:13:38,268 [Thread-4    ] [INFO ]  + deploy C:/vPinball/PinUPSystem\PUPVideos\FP_PE_HALLOWEEN_BBM\TEENS\@ANNIE BRACKETT.mp4
2026-06-11 21:13:38,274 [Thread-4    ] [INFO ]  + deploy C:/vPinball/PinUPSystem\PUPVideos\FP_PE_HALLOWEEN_BBM\TEENS\@ANNIE IS DEAD.mp4
2026-06-11 21:13:38,282 [Thread-4    ] [INFO ]  + deploy C:/vPinball/PinUPSystem\PUPVideos\FP_PE_HALLOWEEN_BBM\TEENS\@BOB IS DEAD.mp4
2026-06-11 21:13:38,291 [Thread-4    ] [INFO ]  + deploy C:/vPinball/PinUPSystem\PUPVideos\FP_PE_HALLOWEEN_BBM\TEENS\@BOB SIMMS.mp4
2026-06-11 21:13:38,298 [Thread-4    ] [INFO ]  + deploy C:/vPinball/PinUPSystem\PUPVideos\FP_PE_HALLOWEEN_BBM\TEENS\@LAURIE is DEAD.mp4
2026-06-11 21:13:38,306 [Thread-4    ] [INFO ]  + deploy C:/vPinball/PinUPSystem\PUPVideos\FP_PE_HALLOWEEN_BBM\TEENS\@LAURIE STRODE.mp4
2026-06-11 21:13:38,313 [Thread-4    ] [INFO ]  + deploy C:/vPinball/PinUPSystem\PUPVideos\FP_PE_HALLOWEEN_BBM\TEENS\@LYNDA is DEAD.mp4
2026-06-11 21:13:38,321 [Thread-4    ] [INFO ]  + deploy C:/vPinball/PinUPSystem\PUPVideos\FP_PE_HALLOWEEN_BBM\TEENS\@LYNDA VAN KLOK.mp4
2026-06-11 21:13:38,328 [Thread-4    ] [INFO ]  + deploy C:/vPinball/PinUPSystem\PUPVideos\FP_PE_HALLOWEEN_BBM\TEENS\ALICE MARTIN is DEAD.mp4
2026-06-11 21:13:38,336 [Thread-4    ] [INFO ]  + deploy C:/vPinball/PinUPSystem\PUPVideos\FP_PE_HALLOWEEN_BBM\TEENS\ALICE MARTIN.mp4
2026-06-11 21:13:38,343 [Thread-4    ] [INFO ]  + deploy C:/vPinball/PinUPSystem\PUPVideos\FP_PE_HALLOWEEN_BBM\TEENS\ANNIE BRACKETT is DEAD.mp4
2026-06-11 21:13:38,360 [Thread-4    ] [INFO ]  + deploy C:/vPinball/PinUPSystem\PUPVideos\FP_PE_HALLOWEEN_BBM\TEENS\ANNIE BRACKETT.mp4
2026-06-11 21:13:38,366 [Thread-4    ] [INFO ]  + deploy C:/vPinball/PinUPSystem\PUPVideos\FP_PE_HALLOWEEN_BBM\TEENS\BOB SIMMS 2.mp4
2026-06-11 21:13:38,373 [Thread-4    ] [INFO ]  + deploy C:/vPinball/PinUPSystem\PUPVideos\FP_PE_HALLOWEEN_BBM\TEENS\BOB SIMMS is DEAD.mp4
2026-06-11 21:13:38,381 [Thread-4    ] [INFO ]  + deploy C:/vPinball/PinUPSystem\PUPVideos\FP_PE_HALLOWEEN_BBM\TEENS\BOB SIMMS.mp4
2026-06-11 21:13:38,387 [Thread-4    ] [INFO ]  + deploy C:/vPinball/PinUPSystem\PUPVideos\FP_PE_HALLOWEEN_BBM\TEENS\LAURIE STRODE is DEAD.mp4
2026-06-11 21:13:38,397 [Thread-4    ] [INFO ]  + deploy C:/vPinball/PinUPSystem\PUPVideos\FP_PE_HALLOWEEN_BBM\TEENS\LAURIE STRODE.mp4
2026-06-11 21:13:38,403 [Thread-4    ] [INFO ]  + deploy C:/vPinball/PinUPSystem\PUPVideos\FP_PE_HALLOWEEN_BBM\TEENS\LYNDA VAN KLOK is DEAD.mp4
2026-06-11 21:13:38,411 [Thread-4    ] [INFO ]  + deploy C:/vPinball/PinUPSystem\PUPVideos\FP_PE_HALLOWEEN_BBM\TEENS\LYNDA VAN KLOK.mp4
2026-06-11 21:13:38,418 [Thread-4    ] [INFO ]  + deploy C:/vPinball/PinUPSystem\PUPVideos\FP_PE_HALLOWEEN_BBM\TEEN_DEAD
2026-06-11 21:13:38,418 [Thread-4    ] [INFO ]  + deploy C:/vPinball/PinUPSystem\PUPVideos\FP_PE_HALLOWEEN_BBM\TEEN_DEAD\TEEN is DEAD.mp4
2026-06-11 21:13:38,426 [Thread-4    ] [INFO ]  + deploy C:/vPinball/PinUPSystem\PUPVideos\FP_PE_HALLOWEEN_BBM\TEEN_DEAD\TEEN is DEAD2.mp4
2026-06-11 21:13:38,433 [Thread-4    ] [INFO ]  + deploy C:/vPinball/PinUPSystem\PUPVideos\FP_PE_HALLOWEEN_BBM\TEEN_DEAD\TEEN is DEAD3.mp4
2026-06-11 21:13:38,441 [Thread-4    ] [INFO ]  + deploy C:/vPinball/PinUPSystem\PUPVideos\FP_PE_HALLOWEEN_BBM\TEEN_SAVED
2026-06-11 21:13:38,442 [Thread-4    ] [INFO ]  + deploy C:/vPinball/PinUPSystem\PUPVideos\FP_PE_HALLOWEEN_BBM\TEEN_SAVED\Teen Saved 2.mp4
2026-06-11 21:13:38,450 [Thread-4    ] [INFO ]  + deploy C:/vPinball/PinUPSystem\PUPVideos\FP_PE_HALLOWEEN_BBM\TEEN_SAVED\Teen Saved.mp4
2026-06-11 21:13:38,459 [Thread-4    ] [INFO ]  + deploy C:/vPinball/PinUPSystem\PUPVideos\FP_PE_HALLOWEEN_BBM\TheChase1
2026-06-11 21:13:38,459 [Thread-4    ] [INFO ]  + deploy C:/vPinball/PinUPSystem\PUPVideos\FP_PE_HALLOWEEN_BBM\TheChase1\The Chase - Start.mp4
2026-06-11 21:13:38,468 [Thread-4    ] [INFO ]  + deploy C:/vPinball/PinUPSystem\PUPVideos\FP_PE_HALLOWEEN_BBM\TheChase3
2026-06-11 21:13:38,469 [Thread-4    ] [INFO ]  + deploy C:/vPinball/PinUPSystem\PUPVideos\FP_PE_HALLOWEEN_BBM\TheChase3\The Chase - He's Here.mp4
2026-06-11 21:13:38,476 [Thread-4    ] [INFO ]  + deploy C:/vPinball/PinUPSystem\PUPVideos\FP_PE_HALLOWEEN_BBM\TheChase4
2026-06-11 21:13:38,476 [Thread-4    ] [INFO ]  + deploy C:/vPinball/PinUPSystem\PUPVideos\FP_PE_HALLOWEEN_BBM\TheChase4\TheChase4.mp4
2026-06-11 21:13:38,486 [Thread-4    ] [INFO ]  + deploy C:/vPinball/PinUPSystem\PUPVideos\FP_PE_HALLOWEEN_BBM\triggers.pup
2026-06-11 21:13:38,487 [Thread-4    ] [INFO ]  + deploy C:/vPinball/PinUPSystem\PUPVideos\FP_PE_HALLOWEEN_BBM\version.txt
2026-06-11 21:13:38,489 [Thread-4    ] [INFO ]  + Deploying Libraries to C:/vPinball/FuturePinball\Libraries
2026-06-11 21:13:38,489 [Thread-4    ] [INFO ]  + deploy C:/vPinball/FuturePinball\Libraries\BVP Animation.fpl
2026-06-11 21:13:38,502 [Thread-4    ] [INFO ]  + deploy C:/vPinball/FuturePinball\Libraries\BVP Graphics.fpl
2026-06-11 21:13:38,519 [Thread-4    ] [INFO ]  + deploy C:/vPinball/FuturePinball\Libraries\BVP Screen.fpl
2026-06-11 21:13:38,537 [Thread-4    ] [INFO ]  + deploy C:/vPinball/FuturePinball\Libraries\BVP Sounds.fpl
2026-06-11 21:13:38,566 [Thread-4    ] [INFO ]  + deploy C:/vPinball/FuturePinball\Libraries\fpDmdFonts.fpl
2026-06-11 21:13:38,578 [Thread-4    ] [INFO ]  + deploy C:/vPinball/FuturePinball\Libraries\fpModels.fpl
2026-06-11 21:13:38,593 [Thread-4    ] [INFO ]  + deploy C:/vPinball/FuturePinball\Libraries\fpPlayfields.fpl
2026-06-11 21:13:38,602 [Thread-4    ] [INFO ]  + deploy C:/vPinball/FuturePinball\Libraries\fpRamps.fpl
2026-06-11 21:13:38,616 [Thread-4    ] [INFO ]  + deploy C:/vPinball/FuturePinball\Libraries\fpScripts.fpl
2026-06-11 21:13:38,619 [Thread-4    ] [INFO ]  + deploy C:/vPinball/FuturePinball\Libraries\fpSounds.fpl
2026-06-11 21:13:38,627 [Thread-4    ] [INFO ]  + deploy C:/vPinball/FuturePinball\Libraries\fpSphereMaps.fpl
2026-06-11 21:13:38,637 [Thread-4    ] [INFO ]  + deploy C:/vPinball/FuturePinball\Libraries\fpTextures.fpl
2026-06-11 21:13:38,649 [Thread-4    ] [INFO ]  + deploy C:/vPinball/FuturePinball\Libraries\JYCGFX.fpl
2026-06-11 21:13:38,663 [Thread-4    ] [INFO ]  + deploy C:/vPinball/FuturePinball\Libraries\JYCmusic.fpl
2026-06-11 21:13:38,686 [Thread-4    ] [INFO ]  + deploy C:/vPinball/FuturePinball\Libraries\JYCSFX.fpl
2026-06-11 21:13:38,700 [Thread-4    ] [INFO ]  + Deploying fpRAM to C:/vPinball/FuturePinball\fpRAM
2026-06-11 21:13:38,700 [Thread-4    ] [INFO ]  + deploy C:/vPinball/FuturePinball\fpRAM\Halloween (Original 2022) TerryRed 1.9 MOD.fpRAM
2026-06-11 21:13:38,701 [Thread-4    ] [INFO ]  + Merging DmdDevice.ini settings into C:/vPinball/FuturePinball\DmdDevice.ini
2026-06-11 21:13:38,703 [Thread-4    ] [INFO ]  ++ Successfully overwritten existing custom DMD block settings for [halloween (original 2022) terryred 1.9 mod] inside global INI.
2026-06-11 21:13:38,703 [Thread-4    ] [INFO ]  * Deploy PinUp Media
2026-06-11 21:13:38,712 [Thread-4    ] [INFO ]  ++ Deployment log appended to: C:\Users\DAVID\Documents\tablePackager\DeploymentLog.txt
2026-06-11 21:13:38,861 [Thread-4    ] [INFO ]  --[Done]------------------
2026-06-11 21:13:38,870 [Thread-4    ] [INFO ]  Scanning for Future Pinball tables...
2026-06-11 21:16:32,596 [MainThread  ] [INFO ]  --[Delete Package(s)]------------------
2026-06-11 21:16:32,642 [MainThread  ] [INFO ]  + del C:\Users\DAVID\Documents\tablePackager\packages\Halloween (Original 2022).zip
2026-06-11 21:16:32,649 [MainThread  ] [INFO ]  --[Done]------------------
